FECHA UTC,HORA UTC,LATITUD º,LONGITUD º,PROFUNDIDAD (km),MAGNITUD,EPICENTRO,RMS,GAP,ERROR-LAT,ERROR-LON,ERROR-Z,CATALOGO,AUTOR,ID,TIPO_MAG,MODELO
1993-09-16,12:19:18,7.142,-74.024,0.0,3.0,YONDO - ANTIOQUIA,0.5,241.0,18.5,4.2,20.6,SS_RSNC,,,ML,RSNC
1994-09-18,07:47:57,7.442,-73.795,12.6,3.3,SAN PABLO - BOLIVAR,0.5,266.0,18.3,7.9,10.2,SS_RSNC,,,ML,RSNC
1994-10-01,12:01:37,7.155,-73.894,8.4,3.5,BARRANCABERMEJA - SANTANDER,0.2,244.0,7.2,6.2,12.1,SS_RSNC,,,ML,RSNC
1995-06-13,21:26:43,7.071,-73.79,6.2,2.4,BARRANCABERMEJA - SANTANDER,0.6,308.0,12.2,10.2,11.1,SS_RSNC,,,ML,RSNC
1995-08-26,22:50:00,6.878,-74.053,11.1,1.6,YONDO - ANTIOQUIA,0.6,218.0,23.8,5.3,15.5,SS_RSNC,,,ML,RSNC
1995-11-02,01:21:08,7.515,-73.956,3.3,2.2,SAN PABLO - BOLIVAR,0.5,276.0,13.9,6.4,26.7,SS_RSNC,,,ML,RSNC
1995-11-09,01:09:05,7.194,-74.004,10.2,2.2,PUERTO WILCHES - SANTANDER,0.2,253.0,10.9,4.8,20.2,SS_RSNC,,,ML,RSNC
1995-11-29,04:32:47,7.207,-73.645,0.0,2.4,SABANA DE TORRES - SANTANDER,0.5,256.0,9.6,3.2,7.9,SS_RSNC,,,ML,RSNC
1996-03-01,07:33:48,7.147,-73.921,6.0,2.9,BARRANCABERMEJA - SANTANDER,0.4,243.0,13.8,12.7,26.0,SS_RSNC,,,ML,RSNC
1997-01-14,06:44:03,7.223,-73.606,16.2,1.5,SABANA DE TORRES - SANTANDER,0.1,285.0,7.8,4.1,4.6,SS_RSNC,,,ML,RSNC
1997-10-30,05:06:58,7.454,-73.92,0.0,2.6,SAN PABLO - BOLIVAR,0.4,164.0,3.1,4.0,7.4,SS_RSNC,,,ML,RSNC
1997-11-12,07:41:36,7.186,-74.1,12.0,2.2,PUERTO WILCHES - SANTANDER,0.3,160.0,8.0,6.2,15.6,SS_RSNC,,,ML,RSNC
1997-12-09,17:58:00,7.262,-73.821,9.1,2.4,PUERTO WILCHES - SANTANDER,0.2,236.0,2.5,8.2,6.7,SS_RSNC,,,ML,RSNC
1998-01-21,00:23:16,7.213,-73.831,11.4,1.7,PUERTO WILCHES - SANTANDER,999.0,237.0,5.0,12.4,13.2,SS_RSNC,,,ML,RSNC
1998-02-04,06:04:36,7.148,-73.611,1.6,2.3,BARRANCABERMEJA - SANTANDER,0.5,196.0,2.8,11.9,11.8,SS_RSNC,,,ML,RSNC
1998-03-20,22:31:09,7.507,-73.964,15.3,2.8,SAN PABLO - BOLIVAR,0.7,173.0,4.2,4.7,21.2,SS_RSNC,,,ML,RSNC
1998-04-12,05:18:44,7.525,-73.875,24.0,1.9,SAN PABLO - BOLIVAR,0.3,165.0,8.0,2.9,15.1,SS_RSNC,,,ML,RSNC
1998-04-17,04:10:15,7.428,-73.802,12.8,2.1,CANTAGALLO - BOLIVAR,0.1,236.0,1.1,4.9,3.6,SS_RSNC,,,ML,RSNC
1998-06-15,21:03:25,7.081,-73.657,0.0,2.0,BARRANCABERMEJA - SANTANDER,0.2,223.0,2.4,17.8,7.0,SS_RSNC,,,ML,RSNC
1999-03-29,03:48:30,7.062,-73.967,4.0,2.7,YONDO - ANTIOQUIA,0.3,146.0,3.3,13.4,27.4,SS_RSNC,,,ML,RSNC
1999-06-01,19:09:07,7.359,-74.059,9.2,2.5,CANTAGALLO - BOLIVAR,0.3,167.0,2.5,2.8,13.8,SS_RSNC,,,ML,RSNC
1999-10-02,02:51:11,7.341,-74.121,17.4,2.1,CANTAGALLO - BOLIVAR,0.2,209.0,1.6,9.8,12.2,SS_RSNC,,,ML,RSNC
1999-12-26,04:11:03,7.109,-74.042,9.7,3.3,YONDO - ANTIOQUIA,0.1,220.0,1.5,2.9,3.6,SS_RSNC,,,ML,RSNC
1999-12-26,07:18:51,7.12,-73.893,0.0,2.5,BARRANCABERMEJA - SANTANDER,0.4,211.0,3.4,10.8,11.6,SS_RSNC,,,ML,RSNC
1999-12-27,02:37:00,7.077,-74.058,7.5,2.3,YONDO - ANTIOQUIA,0.3,152.0,2.9,2.9,7.1,SS_RSNC,,,ML,RSNC
2000-01-24,07:37:40,7.322,-73.519,13.8,1.9,SABANA DE TORRES - SANTANDER,0.6,207.0,2.7,25.8,10.9,SS_RSNC,,,ML,RSNC
2000-02-02,07:03:38,7.319,-73.721,13.5,2.3,PUERTO WILCHES - SANTANDER,0.4,144.0,3.3,6.1,9.8,SS_RSNC,,,ML,RSNC
2000-03-07,12:08:32,7.361,-74.075,1.1,2.5,CANTAGALLO - BOLIVAR,0.7,214.0,4.5,17.2,15.7,SS_RSNC,,,ML,RSNC
2000-05-30,07:47:25,7.229,-74.035,0.9,2.5,PUERTO WILCHES - SANTANDER,0.9,256.0,18.7,8.1,28.3,SS_RSNC,,,ML,RSNC
2001-08-05,05:31:08,7.457,-73.716,0.1,2.2,SAN PABLO - BOLIVAR,0.9,150.0,6.1,9.8,27.4,SS_RSNC,,,ML,RSNC
2001-08-26,00:23:41,7.242,-74.107,17.2,2.9,PUERTO WILCHES - SANTANDER,0.7,126.0,6.3,8.3,15.3,SS_RSNC,,,ML,RSNC
2001-09-12,10:19:22,7.019,-73.966,16.7,1.7,YONDO - ANTIOQUIA,0.1,144.0,2.7,3.0,5.7,SS_RSNC,,,ML,RSNC
2001-10-11,13:39:41,7.523,-74.146,6.0,2.3,SAN PABLO - BOLIVAR,0.4,263.0,4.0,18.5,12.4,SS_RSNC,,,ML,RSNC
2001-10-17,08:20:14,7.281,-74.001,3.6,1.7,PUERTO WILCHES - SANTANDER,0.1,159.0,2.1,4.7,6.7,SS_RSNC,,,ML,RSNC
2001-10-27,16:19:30,7.511,-74.007,12.2,2.8,SAN PABLO - BOLIVAR,0.5,173.0,5.4,8.2,14.4,SS_RSNC,,,ML,RSNC
2001-12-17,23:46:40,7.4,-74.048,0.0,3.0,CANTAGALLO - BOLIVAR,1.3,128.0,8.0,12.0,21.7,SS_RSNC,,,ML,RSNC
2001-12-26,22:27:00,7.177,-74.126,9.0,2.4,YONDO - ANTIOQUIA,0.4,161.0,4.6,5.0,11.8,SS_RSNC,,,ML,RSNC
2002-02-28,02:50:08,7.22,-73.712,20.8,2.3,BARRANCABERMEJA - SANTANDER,0.1,139.0,1.7,2.5,10.7,SS_RSNC,,,ML,RSNC
2002-05-05,09:49:24,7.008,-73.952,2.2,3.0,YONDO - ANTIOQUIA,1.3,143.0,11.3,13.1,27.8,SS_RSNC,,,ML,RSNC
2002-06-05,14:36:40,7.258,-73.577,16.0,2.8,SABANA DE TORRES - SANTANDER,0.4,132.0,4.1,8.6,11.8,SS_RSNC,,,ML,RSNC
2002-08-16,21:36:32,7.245,-74.084,4.1,2.3,PUERTO WILCHES - SANTANDER,0.5,162.0,5.9,7.9,16.5,SS_RSNC,,,ML,RSNC
2002-09-23,11:45:13,7.189,-74.056,1.5,2.0,PUERTO WILCHES - SANTANDER,0.4,189.0,2.8,4.7,10.5,SS_RSNC,,,ML,RSNC
2003-05-19,20:44:53,7.304,-74.019,20.3,2.8,PUERTO WILCHES - SANTANDER,0.2,203.0,3.2,5.6,5.2,SS_RSNC,,,ML,RSNC
2003-05-26,10:51:31,7.294,-73.575,0.0,2.0,SABANA DE TORRES - SANTANDER,0.2,215.0,2.2,17.1,10.1,SS_RSNC,,,ML,RSNC
2003-06-15,22:50:14,7.489,-74.004,5.7,2.5,SAN PABLO - BOLIVAR,0.2,265.0,9.3,4.1,6.7,SS_RSNC,,,ML,RSNC
2003-10-16,20:47:11,7.279,-73.681,0.0,2.1,SABANA DE TORRES - SANTANDER,0.9,140.0,6.5,13.9,18.2,SS_RSNC,,,ML,RSNC
2003-12-10,13:23:48,7.191,-74.186,0.0,2.2,PUERTO WILCHES - SANTANDER,0.3,261.0,2.8,10.7,9.8,SS_RSNC,,,ML,RSNC
2004-06-06,21:24:12,7.266,-73.97,0.0,2.3,PUERTO WILCHES - SANTANDER,0.6,157.0,4.6,6.1,11.2,SS_RSNC,,,MLr,RSNC
2004-06-16,04:59:06,7.229,-74.021,11.5,2.4,PUERTO WILCHES - SANTANDER,0.4,158.0,3.6,9.1,20.0,SS_RSNC,,,MLr,RSNC
2004-08-15,02:44:14,7.014,-73.996,20.0,2.0,YONDO - ANTIOQUIA,0.2,145.0,3.4,4.1,9.5,SS_RSNC,,,MLr,RSNC
2004-10-22,16:48:14,7.046,-74.008,4.0,3.3,YONDO - ANTIOQUIA,0.5,117.0,3.9,4.2,9.0,SS_RSNC,,,MLr,RSNC
2004-10-24,19:10:31,7.131,-73.982,17.4,2.6,BARRANCABERMEJA - SANTANDER,0.4,151.0,4.5,5.5,10.1,SS_RSNC,,,MLr,RSNC
2004-10-31,10:14:11,7.051,-73.98,9.8,3.2,YONDO - ANTIOQUIA,0.6,146.0,4.7,13.6,30.8,SS_RSNC,,,MLr,RSNC
2005-01-20,09:43:41,7.52,-74.04,14.0,3.0,SAN PABLO - BOLIVAR,0.6,130.0,4.5,6.7,11.8,SS_RSNC,,,MLr,RSNC
2005-01-20,12:13:24,7.51,-74.057,10.0,2.6,SAN PABLO - BOLIVAR,0.4,131.0,2.7,5.5,9.7,SS_RSNC,,,MLr,RSNC
2005-02-11,07:12:18,7.448,-74.034,16.1,2.9,SAN PABLO - BOLIVAR,0.7,171.0,5.5,9.3,15.4,SS_RSNC,,,MLr,RSNC
2005-02-13,11:49:37,6.994,-73.722,16.9,2.3,BARRANCABERMEJA - SANTANDER,0.4,130.0,5.6,7.9,14.2,SS_RSNC,,,MLr,RSNC
2005-06-26,04:37:56,7.2,-73.76,15.6,1.8,BARRANCABERMEJA - SANTANDER,0.3,141.0,2.6,6.0,6.7,SS_RSNC,,,MLr,RSNC
2005-07-17,08:09:20,7.5,-73.902,10.5,2.1,SAN PABLO - BOLIVAR,0.2,166.0,2.1,5.0,9.8,SS_RSNC,,,MLr,RSNC
2005-08-19,11:03:46,7.361,-74.141,4.0,1.8,CANTAGALLO - BOLIVAR,0.7,172.0,11.9,11.2,18.9,SS_RSNC,,,MLr,RSNC
2005-08-30,04:27:10,7.466,-73.979,10.0,2.0,SAN PABLO - BOLIVAR,0.4,168.0,3.8,6.0,11.9,SS_RSNC,,,MLr,RSNC
2005-09-21,12:48:27,7.301,-74.036,6.7,2.2,PUERTO WILCHES - SANTANDER,0.6,162.0,4.9,7.6,12.7,SS_RSNC,,,MLr,RSNC
2005-09-22,06:53:24,7.316,-74.017,10.9,2.0,PUERTO WILCHES - SANTANDER,0.3,162.0,3.1,4.1,8.2,SS_RSNC,,,MLr,RSNC
2005-11-20,21:49:00,7.038,-74.012,0.0,2.2,YONDO - ANTIOQUIA,0.7,147.0,10.6,8.5,27.6,SS_RSNC,,,MLr,RSNC
2005-11-27,07:12:47,7.507,-73.917,10.8,2.8,SAN PABLO - BOLIVAR,0.4,167.0,3.4,5.1,8.7,SS_RSNC,,,MLr,RSNC
2005-11-28,14:49:45,7.288,-73.826,9.9,2.1,PUERTO WILCHES - SANTANDER,0.4,149.0,3.4,7.3,9.9,SS_RSNC,,,MLr,RSNC
2006-02-11,11:50:55,7.025,-74.102,20.6,2.1,YONDO - ANTIOQUIA,0.3,151.0,5.2,6.3,11.3,SS_RSNC,,,MLr,RSNC
2006-08-26,10:30:36,7.399,-73.8,0.0,2.5,PUERTO WILCHES - SANTANDER,0.6,153.0,3.8,6.5,11.0,SS_RSNC,,,MLr,RSNC
2006-11-16,15:27:14,7.459,-73.766,13.3,2.7,SAN PABLO - BOLIVAR,0.2,154.0,2.0,3.8,6.0,SS_RSNC,,,MLr,RSNC
2006-12-14,20:41:53,7.332,-74.18,15.6,2.1,CANTAGALLO - BOLIVAR,0.3,172.0,5.2,5.1,10.4,SS_RSNC,,,MLr,RSNC
2007-02-08,05:20:21,7.296,-74.119,6.0,1.5,CANTAGALLO - BOLIVAR,0.1,167.0,2.7,2.8,7.2,SS_RSNC,,,MLr,RSNC
2007-02-12,07:11:16,7.01,-74.022,0.0,1.7,YONDO - ANTIOQUIA,0.6,147.0,5.0,7.3,13.4,SS_RSNC,,,MLr,RSNC
2007-11-08,05:47:50,6.988,-74.001,0.0,1.8,YONDO - ANTIOQUIA,0.4,179.0,3.3,7.4,9.4,SS_RSNC,,,MLr,RSNC
2008-03-14,14:08:35,6.989,-73.962,0.0,2.8,YONDO - ANTIOQUIA,0.6,177.0,6.2,10.7,15.3,SS_RSNC,,,MLr,RSNC
2008-09-18,19:50:04,7.48,-74.014,10.3,2.1,SAN PABLO - BOLIVAR,0.2,264.0,11.6,5.8,6.1,SS_RSNC,,,MLr,RSNC
2008-10-14,00:14:23,7.42,-74.103,7.9,1.8,SAN PABLO - BOLIVAR,0.4,174.0,4.2,5.8,11.0,SS_RSNC,,,MLr,RSNC
2008-10-14,02:56:47,7.411,-74.08,0.0,3.0,CANTAGALLO - BOLIVAR,0.5,172.0,4.6,4.7,7.8,SS_RSNC,,,MLr,RSNC
2008-10-15,03:28:55,7.439,-74.093,8.0,1.7,SAN PABLO - BOLIVAR,0.2,175.0,3.9,5.6,8.8,SS_RSNC,,,MLr,RSNC
2008-12-02,12:52:25,7.386,-73.991,18.5,2.7,CANTAGALLO - BOLIVAR,0.8,166.0,6.2,8.2,13.8,SS_RSNC,,,MLr,RSNC
2009-02-20,01:48:21,6.99,-73.946,0.0,1.4,YONDO - ANTIOQUIA,0.4,143.0,4.1,4.7,10.7,SS_RSNC,,,MLr,RSNC
2009-03-14,20:10:13,7.226,-74.068,2.0,3.3,PUERTO WILCHES - SANTANDER,0.9,162.0,5.4,5.8,12.6,SS_RSNC,,,MLr,RSNC
2009-04-27,02:43:00,7.111,-74.068,0.0,1.8,YONDO - ANTIOQUIA,0.4,253.0,3.2,20.0,14.8,SS_RSNC,,,MLr,RSNC
2009-05-12,06:02:21,7.214,-73.965,5.2,1.3,PUERTO WILCHES - SANTANDER,0.5,106.0,5.5,10.7,24.7,SS_RSNC,,,MLr,RSNC
2009-05-31,12:56:51,7.291,-74.036,8.0,1.9,PUERTO WILCHES - SANTANDER,0.6,218.0,10.2,10.5,14.9,SS_RSNC,,,MLr,RSNC
2009-06-05,06:58:12,7.547,-73.983,18.3,1.8,SAN PABLO - BOLIVAR,0.7,127.0,6.6,6.6,14.1,SS_RSNC,,,MLr,RSNC
2009-06-11,06:25:51,7.477,-74.113,8.4,1.6,SAN PABLO - BOLIVAR,0.1,322.0,4.9,8.2,6.2,SS_RSNC,,,MLr,RSNC
2009-07-15,16:50:09,7.073,-73.912,3.8,2.1,BARRANCABERMEJA - SANTANDER,0.5,211.0,4.3,13.6,15.5,SS_RSNC,,,MLr,RSNC
2009-07-26,14:11:48,7.225,-73.915,10.3,2.0,PUERTO WILCHES - SANTANDER,0.4,179.0,5.5,6.6,10.6,SS_RSNC,,,MLr,RSNC
2009-08-09,08:26:46,7.502,-74.043,0.0,1.2,SAN PABLO - BOLIVAR,0.2,255.0,2.1,11.2,9.7,SS_RSNC,,,MLr,RSNC
2009-09-14,10:05:06,7.107,-73.862,0.0,1.4,BARRANCABERMEJA - SANTANDER,0.5,238.0,3.9,7.9,7.5,SS_RSNC,,,MLr,RSNC
2009-09-20,05:35:27,6.936,-74.049,7.6,2.1,YONDO - ANTIOQUIA,0.3,152.0,11.0,11.3,14.4,SS_RSNC,,,MLr,RSNC
2009-11-08,12:10:24,6.968,-74.048,4.0,1.3,YONDO - ANTIOQUIA,0.9,147.0,7.6,7.8,12.9,SS_RSNC,,,MLr,RSNC
2009-11-10,06:32:12,7.292,-73.953,17.8,1.4,PUERTO WILCHES - SANTANDER,0.2,246.0,2.0,9.0,3.9,SS_RSNC,,,MLr,RSNC
2009-12-18,06:43:50,6.966,-73.967,9.7,2.1,YONDO - ANTIOQUIA,0.3,168.0,3.2,5.2,8.8,SS_RSNC,,,MLr,RSNC
2010-02-26,09:58:59,7.364,-73.897,18.2,1.6,PUERTO WILCHES - SANTANDER,0.4,242.0,2.9,12.7,6.7,SS_RSNC,,,MLr,RSNC
2010-03-06,22:37:20,7.155,-74.12,8.0,1.7,YONDO - ANTIOQUIA,0.5,221.0,22.4,5.6,22.4,SS_RSNC,,,MLr,RSNC
2010-04-25,10:57:46,6.984,-73.722,16.0,2.1,BARRANCABERMEJA - SANTANDER,0.5,238.0,6.1,10.6,5.5,SS_RSNC,,,MLr,RSNC
2010-05-11,01:38:19,7.282,-73.845,4.1,1.6,PUERTO WILCHES - SANTANDER,0.3,237.0,3.3,7.3,4.3,SS_RSNC,,,MLr,RSNC
2010-06-09,02:25:16,7.277,-73.881,8.9,1.7,PUERTO WILCHES - SANTANDER,0.4,153.0,3.8,6.0,9.9,SS_RSNC,,,MLr,RSNC
2010-06-09,16:45:14,7.463,-74.108,6.0,1.9,SAN PABLO - BOLIVAR,0.4,95.0,4.5,6.9,12.7,SS_RSNC,,,MLr,RSNC
2010-06-10,03:33:22,7.493,-73.793,21.4,1.4,SAN PABLO - BOLIVAR,0.4,315.0,8.3,7.6,6.9,SS_RSNC,,,MLr,RSNC
2010-06-21,12:26:44,7.318,-74.049,5.7,1.7,CANTAGALLO - BOLIVAR,0.4,252.0,3.5,7.7,10.7,SS_RSNC,,,MLr,RSNC
2010-06-28,07:05:32,7.268,-73.962,19.1,1.6,PUERTO WILCHES - SANTANDER,0.3,246.0,4.1,5.7,4.4,SS_RSNC,,,MLr,RSNC
2010-07-04,20:06:54,7.43,-73.637,0.0,1.6,SABANA DE TORRES - SANTANDER,0.4,188.0,3.4,5.5,7.3,SS_RSNC,,,MLr,RSNC
2010-07-06,08:32:50,7.315,-73.919,0.0,0.8,PUERTO WILCHES - SANTANDER,0.3,258.0,2.6,10.2,9.5,SS_RSNC,,,MLr,RSNC
2010-07-06,08:36:09,7.46,-73.807,0.0,0.9,SAN PABLO - BOLIVAR,0.3,227.0,2.6,5.8,6.4,SS_RSNC,,,MLr,RSNC
2010-07-09,12:00:02,7.283,-73.952,12.8,2.0,PUERTO WILCHES - SANTANDER,0.4,158.0,2.9,4.8,8.0,SS_RSNC,,,MLr,RSNC
2010-07-09,16:54:47,7.261,-73.946,15.1,2.2,PUERTO WILCHES - SANTANDER,0.3,157.0,2.2,3.2,4.0,SS_RSNC,,,MLr,RSNC
2010-07-10,09:01:20,7.44,-73.764,0.0,1.4,SAN PABLO - BOLIVAR,0.4,254.0,8.8,16.5,14.9,SS_RSNC,,,MLr,RSNC
2010-07-30,10:42:21,7.492,-73.902,11.3,1.3,SAN PABLO - BOLIVAR,0.4,244.0,3.8,13.9,10.9,SS_RSNC,,,MLr,RSNC
2010-08-08,15:47:28,7.19,-74.021,5.4,1.7,PUERTO WILCHES - SANTANDER,0.3,276.0,4.3,7.6,9.5,SS_RSNC,,,MLr,RSNC
2010-08-19,08:32:20,7.24,-73.784,15.6,1.9,PUERTO WILCHES - SANTANDER,0.5,232.0,4.0,12.8,6.6,SS_RSNC,,,MLr,RSNC
2010-08-22,07:18:37,7.19,-74.033,1.4,1.0,PUERTO WILCHES - SANTANDER,0.3,276.0,4.3,13.1,13.9,SS_RSNC,,,MLr,RSNC
2010-08-22,07:26:25,7.2,-74.019,8.9,1.6,PUERTO WILCHES - SANTANDER,0.3,276.0,4.7,7.3,9.3,SS_RSNC,,,MLr,RSNC
2010-08-22,10:16:03,7.195,-74.076,3.6,1.1,PUERTO WILCHES - SANTANDER,0.2,279.0,5.4,6.7,6.5,SS_RSNC,,,MLr,RSNC
2010-08-22,12:37:50,7.203,-74.035,0.0,1.5,PUERTO WILCHES - SANTANDER,0.2,276.0,2.9,9.4,9.5,SS_RSNC,,,MLr,RSNC
2010-09-01,15:43:03,7.189,-73.994,0.0,1.8,PUERTO WILCHES - SANTANDER,0.4,169.0,3.1,4.6,6.7,SS_RSNC,,,MLr,RSNC
2010-09-03,01:35:45,7.203,-73.633,12.6,2.0,SABANA DE TORRES - SANTANDER,0.4,157.0,3.2,5.6,8.1,SS_RSNC,,,MLr,RSNC
2010-09-13,08:49:51,7.291,-74.132,8.3,2.1,CANTAGALLO - BOLIVAR,0.5,89.0,4.9,7.0,15.0,SS_RSNC,,,MLr,RSNC
2010-09-29,19:35:46,7.372,-73.633,12.7,2.0,SABANA DE TORRES - SANTANDER,0.2,183.0,2.9,6.9,5.5,SS_RSNC,,,MLr,RSNC
2010-10-18,01:52:08,7.222,-74.022,14.9,1.5,PUERTO WILCHES - SANTANDER,0.5,185.0,7.6,8.0,8.2,SS_RSNC,,,MLr,RSNC
2010-10-18,05:27:55,7.231,-74.046,14.0,2.3,PUERTO WILCHES - SANTANDER,0.6,161.0,5.4,6.3,8.1,SS_RSNC,,,MLr,RSNC
2010-10-23,07:29:42,7.19,-74.004,2.0,1.3,PUERTO WILCHES - SANTANDER,0.5,169.0,8.2,10.9,15.9,SS_RSNC,,,MLr,RSNC
2010-10-23,17:23:43,7.194,-74.031,6.4,1.9,PUERTO WILCHES - SANTANDER,0.4,276.0,5.6,9.9,12.4,SS_RSNC,,,MLr,RSNC
2010-10-25,10:12:47,7.068,-73.819,12.9,1.8,BARRANCABERMEJA - SANTANDER,0.4,235.0,3.6,9.5,6.0,SS_RSNC,,,MLr,RSNC
2010-11-01,14:04:55,7.203,-74.069,9.9,2.3,PUERTO WILCHES - SANTANDER,0.5,160.0,4.1,5.2,11.8,SS_RSNC,,,MLr,RSNC
2010-11-01,14:05:41,7.205,-74.075,4.0,2.1,PUERTO WILCHES - SANTANDER,0.5,161.0,4.8,5.3,8.7,SS_RSNC,,,MLr,RSNC
2010-11-01,16:11:43,7.182,-74.031,0.0,1.6,PUERTO WILCHES - SANTANDER,0.2,276.0,3.7,12.0,12.1,SS_RSNC,,,MLr,RSNC
2010-11-02,16:43:56,7.203,-74.041,4.8,1.7,PUERTO WILCHES - SANTANDER,0.5,277.0,6.3,9.6,16.5,SS_RSNC,,,MLr,RSNC
2010-11-22,09:00:20,7.494,-74.096,15.5,1.6,SAN PABLO - BOLIVAR,0.3,258.0,3.3,6.9,4.5,SS_RSNC,,,MLr,RSNC
2010-11-28,13:32:15,7.202,-74.001,6.0,1.4,PUERTO WILCHES - SANTANDER,0.2,275.0,3.6,5.3,6.1,SS_RSNC,,,MLr,RSNC
2010-12-09,05:36:13,7.229,-74.096,9.6,1.4,PUERTO WILCHES - SANTANDER,0.3,163.0,4.2,4.2,6.1,SS_RSNC,,,MLr,RSNC
2011-02-15,17:18:33,7.282,-74.027,14.0,2.1,PUERTO WILCHES - SANTANDER,0.2,278.0,3.2,7.9,3.8,SS_RSNC,,,MLr,RSNC
2011-02-25,20:52:40,7.307,-73.921,16.9,2.8,PUERTO WILCHES - SANTANDER,0.3,157.0,3.5,3.7,5.7,SS_RSNC,,,MLr,RSNC
2011-02-28,00:45:23,7.194,-73.969,12.0,1.7,PUERTO WILCHES - SANTANDER,0.3,154.0,3.2,6.3,8.5,SS_RSNC,,,MLr,RSNC
2011-03-15,01:38:02,7.295,-73.58,17.4,1.3,SABANA DE TORRES - SANTANDER,0.3,215.0,2.7,7.6,8.1,SS_RSNC,,,MLr,RSNC
2011-03-16,03:52:04,6.975,-73.984,4.0,1.6,YONDO - ANTIOQUIA,0.3,248.0,2.8,10.9,9.7,SS_RSNC,,,MLr,RSNC
2011-04-07,13:06:48,7.125,-73.88,8.6,2.9,BARRANCABERMEJA - SANTANDER,0.5,85.0,6.5,7.7,17.2,SS_RSNC,,,MLr,RSNC
2011-04-22,06:34:18,7.054,-73.777,0.0,2.0,BARRANCABERMEJA - SANTANDER,0.3,260.0,6.0,12.0,5.5,SS_RSNC,,,MLr,RSNC
2011-06-12,04:11:24,7.371,-73.91,16.0,2.1,CANTAGALLO - BOLIVAR,0.2,158.0,1.9,3.0,5.3,SS_RSNC,,,MLr,RSNC
2011-06-14,23:01:25,7.206,-74.008,16.6,2.1,PUERTO WILCHES - SANTANDER,0.3,186.0,2.8,4.1,3.7,SS_RSNC,,,MLr,RSNC
2011-07-17,02:21:25,7.383,-74.099,12.4,1.6,CANTAGALLO - BOLIVAR,0.3,303.0,5.2,6.3,6.5,SS_RSNC,,,MLr,RSNC
2011-07-25,21:10:58,7.301,-73.688,10.2,1.5,SABANA DE TORRES - SANTANDER,0.3,230.0,3.0,5.0,4.8,SS_RSNC,,,MLr,RSNC
2011-08-04,19:14:20,7.209,-74.092,4.0,2.2,PUERTO WILCHES - SANTANDER,0.4,191.0,5.0,4.8,6.0,SS_RSNC,,,MLr,RSNC
2011-10-05,09:24:44,7.361,-73.837,16.4,1.2,PUERTO WILCHES - SANTANDER,0.4,320.0,8.3,6.8,5.9,SS_RSNC,,,MLr,RSNC
2011-10-24,21:38:15,7.073,-73.957,4.2,1.9,YONDO - ANTIOQUIA,0.3,147.0,3.0,1.9,7.4,SS_RSNC,,,MLr,RSNC
2011-11-04,05:45:33,7.412,-73.91,18.9,1.2,CANTAGALLO - BOLIVAR,0.4,123.0,2.8,3.0,4.4,SS_RSNC,,,MLr,RSNC
2011-11-09,11:28:03,7.384,-73.97,13.1,1.2,CANTAGALLO - BOLIVAR,0.4,175.0,5.5,2.6,9.7,SS_RSNC,,,MLr,RSNC
2011-11-24,10:36:25,7.008,-74.047,11.6,1.5,YONDO - ANTIOQUIA,0.6,133.0,8.1,3.0,10.6,SS_RSNC,,,MLr,RSNC
2011-12-12,23:59:18,7.258,-74.032,14.0,1.7,PUERTO WILCHES - SANTANDER,0.4,161.0,3.5,2.5,3.5,SS_RSNC,,,MLr,RSNC
2011-12-15,06:44:46,7.231,-73.856,14.2,1.3,PUERTO WILCHES - SANTANDER,0.1,295.0,2.7,5.5,2.2,SS_RSNC,,,MLr,RSNC
2012-01-01,07:18:24,7.291,-74.157,6.9,2.5,CANTAGALLO - BOLIVAR,0.2,115.0,2.2,1.3,3.9,SS_RSNC,,,MLr,RSNC
2012-01-08,20:21:57,7.284,-73.846,11.6,1.1,PUERTO WILCHES - SANTANDER,0.3,248.0,6.0,3.6,4.7,SS_RSNC,,,MLr,RSNC
2012-01-24,11:21:43,7.431,-74.097,4.1,1.3,SAN PABLO - BOLIVAR,0.4,179.0,6.0,2.5,10.6,SS_RSNC,,,MLr,RSNC
2012-01-25,16:52:24,7.395,-74.117,7.0,1.2,CANTAGALLO - BOLIVAR,0.4,175.0,8.1,3.3,10.6,SS_RSNC,,,MLr,RSNC
2012-02-22,19:12:20,7.423,-74.114,4.0,1.5,SAN PABLO - BOLIVAR,0.4,252.0,11.9,6.8,11.3,SS_RSNC,,,MLr,RSNC
2012-03-05,11:20:16,7.067,-73.862,16.8,2.3,BARRANCABERMEJA - SANTANDER,0.4,92.0,3.3,2.6,4.3,SS_RSNC,,,MLr,RSNC
2012-03-09,18:17:07,7.311,-73.935,9.4,1.6,PUERTO WILCHES - SANTANDER,0.2,211.0,3.6,1.9,4.4,SS_RSNC,,,MLr,RSNC
2012-03-12,09:50:05,7.213,-73.692,15.2,1.0,BARRANCABERMEJA - SANTANDER,0.5,232.0,7.6,6.8,5.7,SS_RSNC,,,MLr,RSNC
2012-03-14,08:02:45,7.186,-73.979,17.2,2.4,BARRANCABERMEJA - SANTANDER,0.4,103.0,3.0,2.3,3.9,SS_RSNC,,,MLr,RSNC
2012-03-17,15:34:59,7.189,-74.025,17.3,1.2,PUERTO WILCHES - SANTANDER,0.4,153.0,4.3,2.8,5.6,SS_RSNC,,,MLr,RSNC
2012-03-17,16:54:52,7.057,-74.057,16.2,1.2,YONDO - ANTIOQUIA,0.3,140.0,3.1,1.8,4.4,SS_RSNC,,,MLr,RSNC
2012-03-27,01:58:05,7.254,-73.984,20.5,1.8,PUERTO WILCHES - SANTANDER,0.4,109.0,3.3,2.6,4.5,SS_RSNC,,,MLr,RSNC
2012-04-06,00:28:15,7.034,-73.995,12.0,0.6,YONDO - ANTIOQUIA,0.3,137.0,4.7,2.7,6.5,SS_RSNC,,,MLr,RSNC
2012-05-28,06:43:43,7.115,-73.867,12.9,1.6,BARRANCABERMEJA - SANTANDER,0.4,101.0,3.2,2.7,6.3,SS_RSNC,,,MLr,RSNC
2012-05-29,05:05:59,7.215,-73.918,22.9,1.2,PUERTO WILCHES - SANTANDER,0.5,104.0,9.6,6.2,13.7,SS_RSNC,,,MLr,RSNC
2012-06-13,05:40:41,7.336,-74.118,16.9,1.4,CANTAGALLO - BOLIVAR,0.3,119.0,2.3,5.7,10.7,SS_RSNC,,,MLr,RSNC
2012-07-19,17:54:44,7.217,-74.097,6.0,1.6,PUERTO WILCHES - SANTANDER,0.4,107.0,3.7,2.6,9.6,SS_RSNC,,,MLr,RSNC
2012-07-19,18:58:56,7.194,-74.094,4.0,1.5,PUERTO WILCHES - SANTANDER,0.2,235.0,10.3,5.8,9.6,SS_RSNC,,,MLr,RSNC
2012-07-29,07:28:42,7.18,-73.952,18.7,1.7,BARRANCABERMEJA - SANTANDER,0.3,102.0,3.3,2.1,3.5,SS_RSNC,,,MLr,RSNC
2012-10-03,03:45:33,7.394,-74.024,11.1,1.4,CANTAGALLO - BOLIVAR,0.2,194.0,7.9,3.5,5.0,SS_RSNC,,,MLr,RSNC
2012-10-21,05:48:39,7.25,-74.191,4.0,1.0,PUERTO WILCHES - SANTANDER,0.3,156.0,8.1,3.4,5.3,SS_RSNC,,,MLr,RSNC
2012-12-04,16:47:00,7.431,-74.077,4.0,2.1,SAN PABLO - BOLIVAR,0.5,93.0,3.7,2.5,7.7,SS_RSNC,,,MLr,RSNC
2012-12-05,17:32:56,7.158,-73.944,4.0,2.2,BARRANCABERMEJA - SANTANDER,0.5,100.0,3.0,2.3,8.6,SS_RSNC,,,MLr,RSNC
2012-12-16,07:43:35,7.04,-74.085,4.0,0.9,YONDO - ANTIOQUIA,0.5,92.0,3.2,2.5,7.5,SS_RSNC,,,MLr,RSNC
2013-01-01,08:04:51,7.37,-74.1,0.0,1.5,CANTAGALLO - BOLIVAR,0.4,205.0,4.6,2.5,6.1,SS_RSNC,,,MLr,RSNC
2013-01-06,09:53:25,7.265,-74.003,10.9,1.2,PUERTO WILCHES - SANTANDER,0.3,194.0,2.9,1.7,4.1,SS_RSNC,,,MLr,RSNC
2013-01-30,23:40:24,7.527,-73.88,7.3,2.8,SAN PABLO - BOLIVAR,0.5,120.0,2.9,2.3,6.5,SS_RSNC,,,MLr,RSNC
2013-04-10,00:48:02,7.12,-73.957,4.0,2.7,BARRANCABERMEJA - SANTANDER,0.5,97.0,3.0,1.9,5.3,SS_RSNC,,,MLr,RSNC
2013-04-14,01:29:04,7.187,-73.957,11.1,1.8,BARRANCABERMEJA - SANTANDER,0.4,173.0,3.9,3.4,6.5,SS_RSNC,,,MLr,RSNC
2013-04-24,09:10:57,7.172,-73.765,11.8,2.3,BARRANCABERMEJA - SANTANDER,0.3,122.0,1.7,2.7,3.0,SS_RSNC,,,MLr,RSNC
2013-05-22,13:30:59,7.506,-73.93,8.3,1.8,SAN PABLO - BOLIVAR,0.6,188.0,6.0,3.1,10.9,SS_RSNC,,,MLr,RSNC
2013-05-28,14:57:10,7.146,-74.078,16.2,2.0,YONDO - ANTIOQUIA,0.3,183.0,3.1,2.7,3.1,SS_RSNC,,,MLr,RSNC
2013-06-05,09:55:36,7.243,-73.758,3.1,3.5,PUERTO WILCHES - SANTANDER,0.6,63.0,3.0,2.9,5.9,SS_RSNC,,,MLr,RSNC
2013-06-26,07:55:39,7.33,-74.038,4.0,1.7,CANTAGALLO - BOLIVAR,0.5,77.0,2.3,2.8,5.8,SS_RSNC,,,MLr,RSNC
2013-06-29,06:02:08,7.225,-73.745,12.5,1.2,BARRANCABERMEJA - SANTANDER,0.2,230.0,3.0,2.3,2.5,SS_RSNC,,,MLr,RSNC
2013-07-02,15:35:55,7.266,-73.681,9.1,1.3,SABANA DE TORRES - SANTANDER,0.2,125.0,2.2,1.7,3.6,SS_RSNC,,,MLr,RSNC
2013-07-07,05:23:51,6.994,-73.965,4.6,4.2,YONDO - ANTIOQUIA,0.6,57.0,2.2,2.0,3.5,SS_RSNC,,,Mw,RSNC
2013-08-14,06:36:59,7.191,-73.845,15.8,2.1,BARRANCABERMEJA - SANTANDER,0.4,74.0,2.1,1.7,3.1,SS_RSNC,,,MLr,RSNC
2013-08-18,10:10:43,7.409,-73.989,25.7,1.1,CANTAGALLO - BOLIVAR,0.3,97.0,2.1,2.1,10.2,SS_RSNC,,,MLr,RSNC
2013-09-06,20:47:00,7.307,-74.141,4.0,1.3,CANTAGALLO - BOLIVAR,0.5,164.0,4.7,2.6,7.7,SS_RSNC,,,MLr,RSNC
2013-09-08,18:47:14,7.326,-74.172,4.2,1.9,CANTAGALLO - BOLIVAR,0.4,164.0,3.4,3.6,8.9,SS_RSNC,,,MLr,RSNC
2013-09-17,00:43:18,7.318,-74.11,4.0,1.8,CANTAGALLO - BOLIVAR,0.3,202.0,2.0,3.3,6.6,SS_RSNC,,,MLr,RSNC
2013-09-20,00:45:39,7.26,-74.002,8.5,1.0,PUERTO WILCHES - SANTANDER,0.2,193.0,2.1,1.4,3.5,SS_RSNC,,,MLr,RSNC
2013-10-22,03:40:42,7.311,-74.152,11.4,1.5,CANTAGALLO - BOLIVAR,0.4,113.0,2.6,4.2,7.3,SS_RSNC,,,MLr,RSNC
2013-11-07,09:05:50,7.315,-74.024,17.1,1.0,PUERTO WILCHES - SANTANDER,0.5,167.0,4.3,2.7,5.3,SS_RSNC,,,MLr,RSNC
2014-03-11,18:48:27,7.094,-74.133,0.0,0.9,NA,0.4,152.0,2.6,4.4,9.2,Tecto,Tecto,11-1848-00L.S201403,MLr_vmm,VMM
2014-03-13,11:38:51,7.383,-74.075,10.6,1.1,NA,0.2,181.0,1.5,2.5,8.4,Tecto,Tecto,13-1136-00L.S201403,MLr_vmm,VMM
2014-03-16,20:48:28,7.318,-73.925,0.0,0.7,NA,0.5,146.0,3.1,3.3,9.0,Tecto,Tecto,16-2048-00L.S201403,MLr_vmm,VMM
2014-03-20,02:58:02,7.348,-73.824,6.6,1.0,NA,0.4,207.0,2.6,4.3,7.6,Tecto,Tecto,20-0258-01L.S201403,MLr_vmm,VMM
2014-03-30,15:37:58,7.147,-74.081,16.0,1.0,NA,0.2,306.0,4.5,3.7,4.5,Tecto,Tecto,30-1537-58L.S201403,MLr_vmm,VMM
2014-03-31,10:46:29,7.315,-74.008,19.1,1.6,NA,0.5,79.0,2.4,2.7,6.1,Tecto,Tecto,31-1046-29L.S201403,MLr_vmm,VMM
2014-04-04,07:36:54,7.405,-74.07,17.9,1.1,NA,0.5,111.0,3.1,2.9,5.7,Tecto,Tecto,04-0736-53L.S201404,MLr_vmm,VMM
2014-04-14,23:38:55,7.447,-73.879,14.8,1.0,NA,0.4,82.0,2.1,2.5,5.4,Tecto,Tecto,14-2338-54L.S201404,MLr_vmm,VMM
2014-04-16,22:16:46,7.236,-73.992,16.9,1.0,NA,0.6,99.0,3.0,2.8,6.9,Tecto,Tecto,16-2216-45L.S201404,MLr_vmm,VMM
2014-04-17,16:12:02,7.248,-73.903,7.7,0.8,NA,0.2,112.0,1.4,2.0,4.1,Tecto,Tecto,17-1612-02L.S201404,MLr_vmm,VMM
2014-04-23,04:33:10,7.249,-73.982,16.7,0.7,NA,0.3,196.0,2.7,4.0,5.1,Tecto,Tecto,23-0433-09L.S201404,MLr_vmm,VMM
2014-05-06,11:59:37,7.255,-73.882,15.3,0.9,NA,0.4,206.0,3.8,5.6,6.6,Tecto,Tecto,06-1159-36L.S201405,MLr_vmm,VMM
2014-05-09,06:41:41,7.215,-73.926,8.5,0.8,NA,0.1,203.0,2.6,6.6,4.5,Tecto,Tecto,09-0641-41L.S201405,MLr_vmm,VMM
2014-05-12,09:59:32,7.381,-74.124,3.9,0.7,NA,0.2,176.0,1.6,2.0,4.0,Tecto,Tecto,12-0959-32L.S201405,MLr_vmm,VMM
2014-05-13,23:33:04,7.221,-73.87,21.5,0.8,NA,0.4,95.0,2.3,2.4,6.8,Tecto,Tecto,13-2333-04L.S201405,MLr_vmm,VMM
2014-05-20,15:11:41,7.28,-73.883,16.0,0.8,NA,0.0,204.0,1.3,3.6,2.7,Tecto,Tecto,20-1511-41L.S201405,MLr_vmm,VMM
2014-05-28,08:26:01,7.034,-73.984,2.0,0.6,NA,0.3,209.0,2.5,4.7,7.3,Tecto,Tecto,28-0826-01L.S201405,MLr_vmm,VMM
2014-06-07,19:00:01,7.033,-73.969,0.0,2.4,NA,0.6,151.0,3.3,3.2,8.2,Tecto,Tecto,07-1900-01L.S201406,MLr_vmm,VMM
2014-06-10,15:53:32,7.312,-74.011,17.8,1.6,NA,0.5,79.0,2.6,3.2,6.0,Tecto,Tecto,10-1553-32L.S201406,MLr_vmm,VMM
2014-06-10,23:37:14,7.199,-74.104,0.0,1.4,NA,0.3,188.0,2.9,1.9,6.4,Tecto,Tecto,10-2337-14L.S201406,MLr_vmm,VMM
2014-06-15,04:19:58,7.22,-73.83,16.9,1.2,NA,0.4,171.0,2.8,2.9,6.0,Tecto,Tecto,15-0419-57L.S201406,MLr_vmm,VMM
2014-06-19,01:21:23,7.373,-73.914,9.6,0.6,NA,0.2,197.0,2.3,6.0,5.7,Tecto,Tecto,19-0121-23L.S201406,MLr_vmm,VMM
2014-06-27,03:16:48,7.095,-74.091,0.0,1.3,NA,0.2,125.0,1.0,1.0,3.3,Tecto,Tecto,27-0316-47L.S201406,MLr_vmm,VMM
2014-07-02,04:31:59,7.303,-73.73,6.9,1.1,NA,0.3,217.0,2.1,3.9,5.8,Tecto,Tecto,02-0431-58L.S201407,MLr_vmm,VMM
2014-07-02,22:43:07,7.335,-74.171,0.9,0.6,NA,0.3,173.0,1.8,2.3,5.2,Tecto,Tecto,02-2243-07L.S201407,MLr_vmm,VMM
2014-07-25,05:57:04,7.1,-73.96,5.2,1.5,NA,0.4,98.0,2.1,2.0,6.0,Tecto,Tecto,25-0557-03L.S201407,MLr_vmm,VMM
2014-08-04,02:58:26,7.153,-73.953,0.0,0.6,NA,0.1,129.0,1.0,1.1,3.8,Tecto,Tecto,04-0258-26L.S201408,MLr_vmm,VMM
2014-08-10,12:07:17,7.297,-74.012,16.4,1.3,NA,0.3,80.0,1.7,2.0,4.3,Tecto,Tecto,10-1207-16L.S201408,MLr_vmm,VMM
2014-08-30,13:30:34,7.225,-74.164,5.1,1.0,NA,0.2,99.0,1.1,1.6,4.4,Tecto,Tecto,30-1330-34L.S201408,MLr_vmm,VMM
2014-09-08,06:39:49,7.218,-74.073,0.0,0.6,NA,0.1,182.0,1.3,1.0,3.6,Tecto,Tecto,08-0639-49L.S201409,MLr_vmm,VMM
2014-09-11,15:00:41,7.204,-74.024,24.7,1.2,NA,0.2,250.0,3.2,3.8,9.2,Tecto,Tecto,11-1500-40L.S201409,MLr_vmm,VMM
2014-09-24,03:11:03,7.19,-74.091,0.0,0.7,NA,0.2,189.0,2.2,1.9,5.4,Tecto,Tecto,24-0311-03L.S201409,MLr_vmm,VMM
2014-09-25,21:43:42,7.366,-74.027,16.1,1.0,NA,0.4,209.0,4.1,2.4,5.7,Tecto,Tecto,25-2143-41L.S201409,MLr_vmm,VMM
2014-09-26,02:30:37,7.336,-74.047,16.1,0.8,NA,0.4,153.0,2.3,3.3,7.6,Tecto,Tecto,26-0230-36L.S201409,MLr_vmm,VMM
2014-09-26,03:14:07,7.188,-74.093,2.5,1.1,NA,0.1,107.0,0.9,1.1,4.2,Tecto,Tecto,26-0314-06L.S201409,MLr_vmm,VMM
2014-09-26,04:55:24,7.344,-74.027,17.2,1.0,NA,0.2,170.0,2.5,5.0,3.7,Tecto,Tecto,26-0455-23L.S201409,MLr_vmm,VMM
2014-09-27,09:15:49,7.345,-74.029,17.1,2.6,NA,0.4,77.0,1.5,1.8,3.7,Tecto,Tecto,27-0915-48L.S201409,MLr_vmm,VMM
2014-11-18,23:28:16,7.204,-74.064,16.5,2.1,NA,0.4,152.0,1.9,2.6,4.9,Tecto,Tecto,18-2328-15L.S201411,MLr_vmm,VMM
2014-11-19,17:30:50,7.158,-74.15,15.2,1.1,NA,0.3,163.0,2.1,2.5,5.5,Tecto,Tecto,19-1730-49L.S201411,MLr_vmm,VMM
2014-11-21,01:23:59,7.166,-74.038,16.6,1.2,NA,0.4,145.0,2.9,3.4,8.1,Tecto,Tecto,21-0123-58L.S201411,MLr_vmm,VMM
2014-12-07,15:42:41,7.458,-73.892,13.9,1.1,NA,0.3,198.0,3.6,2.1,6.3,Tecto,Tecto,07-1542-39L.S201412,MLr_vmm,VMM
2014-12-08,23:10:15,7.146,-74.1,0.0,1.0,NA,0.4,115.0,2.1,2.1,6.8,Tecto,Tecto,08-2310-15L.S201412,MLr_vmm,VMM
2014-12-20,06:51:55,7.104,-74.106,4.3,1.4,NA,0.5,118.0,2.6,2.0,6.5,Tecto,Tecto,20-0651-54L.S201412,MLr_vmm,VMM
2014-12-25,10:09:12,7.263,-73.992,16.5,0.2,NA,0.3,212.0,2.6,4.7,5.3,Tecto,Tecto,25-1009-11L.S201412,MLr_vmm,VMM
2014-12-27,23:09:39,7.1,-74.106,1.0,1.3,NA,0.3,95.0,2.0,1.5,5.0,Tecto,Tecto,27-2309-39L.S201412,MLr_vmm,VMM
2014-12-28,06:25:36,7.37,-74.042,8.8,0.3,NA,0.2,150.0,1.8,1.9,3.8,Tecto,Tecto,28-0625-35L.S201412,MLr_vmm,VMM
2014-12-29,15:30:29,7.425,-73.761,15.3,0.9,NA,0.4,157.0,2.5,3.9,7.2,Tecto,Tecto,29-1530-28L.S201412,MLr_vmm,VMM
2015-01-07,02:19:51,7.098,-74.09,1.2,0.8,NA,0.2,96.0,1.4,1.2,4.1,Tecto,Tecto,07-0219-50L.S201501,MLr_vmm,VMM
2015-01-22,07:23:44,7.186,-74.012,17.4,0.8,NA,0.6,83.0,3.3,3.2,7.9,Tecto,Tecto,22-0723-43L.S201501,MLr_vmm,VMM
2015-02-05,14:39:31,7.211,-73.861,15.5,0.5,NA,0.0,210.0,1.4,4.5,4.2,Tecto,Tecto,05-1439-31L.S201502,MLr_vmm,VMM
2015-03-03,15:45:32,7.378,-74.055,17.4,2.0,NA,0.3,81.0,1.4,1.7,3.0,Tecto,Tecto,03-1545-31L.S201503,MLr_vmm,VMM
2015-03-08,10:56:11,7.096,-74.082,2.0,0.5,NA,0.1,150.0,1.2,1.3,6.0,Tecto,Tecto,08-1056-11L.S201503,MLr_vmm,VMM
2015-03-09,02:38:44,6.97,-73.84,0.0,1.8,NA,0.4,163.0,2.8,2.5,6.8,Tecto,Tecto,09-0238-43L.S201503,MLr_vmm,VMM
2015-03-19,07:58:55,7.292,-74.049,6.3,0.7,NA,0.3,90.0,1.5,1.8,5.2,Tecto,Tecto,19-0758-55L.S201503,MLr_vmm,VMM
2015-03-19,23:49:40,7.529,-73.84,19.0,0.8,NA,0.5,85.0,2.3,3.3,4.5,Tecto,Tecto,19-2349-40L.S201503,MLr_vmm,VMM
2015-03-27,03:39:48,7.322,-73.842,16.9,0.3,NA,0.1,157.0,1.4,2.0,2.7,Tecto,Tecto,27-0339-47L.S201503,MLr_vmm,VMM
2015-04-08,18:30:41,7.021,-73.941,14.0,1.2,NA,0.5,281.0,8.9,6.9,9.3,Tecto,Tecto,08-1830-41L.S201504,MLr_vmm,VMM
2015-04-19,10:44:59,7.105,-74.074,2.0,0.4,NA,0.2,207.0,2.5,1.5,5.9,Tecto,Tecto,19-1044-58L.S201504,MLr_vmm,VMM
2015-04-28,21:20:49,7.217,-73.878,0.8,0.9,NA,0.2,162.0,1.8,1.7,5.3,Tecto,Tecto,28-2120-49L.S201504,MLr_vmm,VMM
2015-05-20,05:35:02,7.335,-73.925,9.6,0.9,NA,0.2,143.0,1.6,1.5,3.3,Tecto,Tecto,20-0535-02L.S201505,MLr_vmm,VMM
2015-05-20,09:25:16,7.035,-74.01,0.0,1.1,NA,0.3,222.0,3.7,1.9,6.3,Tecto,Tecto,20-0925-15L.S201505,MLr_vmm,VMM
2015-05-22,18:23:57,7.008,-74.096,0.0,0.7,NA,0.2,284.0,9.2,4.7,9.5,Tecto,Tecto,22-1823-56L.S201505,MLr_vmm,VMM
2015-05-28,10:06:06,7.198,-73.984,16.0,2.7,NA,0.7,180.0,5.1,4.0,8.4,Tecto,Tecto,28-1006-05L.S201505,MLr_vmm,VMM
2015-06-04,06:03:00,7.419,-74.117,6.7,1.5,NA,0.3,148.0,1.7,1.7,3.9,Tecto,Tecto,04-0603-00L.S201506,MLr_vmm,VMM
2015-06-14,01:29:22,7.009,-73.868,0.0,0.8,NA,0.3,238.0,6.4,2.5,8.2,Tecto,Tecto,14-0129-22L.S201506,MLr_vmm,VMM
2015-06-18,06:17:18,7.193,-74.104,7.0,1.0,NA,0.2,189.0,1.8,1.5,3.8,Tecto,Tecto,18-0617-18L.S201506,MLr_vmm,VMM
2015-06-25,07:37:43,7.288,-73.662,3.1,1.3,NA,0.3,176.0,1.8,2.3,6.8,Tecto,Tecto,25-0737-42L.S201506,MLr_vmm,VMM
2015-06-26,10:50:56,7.32,-73.985,23.0,1.7,NA,0.4,153.0,2.7,2.8,9.3,Tecto,Tecto,26-1050-55L.S201506,MLr_vmm,VMM
2015-08-12,00:52:33,7.256,-73.939,19.9,0.8,NA,0.4,200.0,3.9,6.4,5.0,Tecto,Tecto,12-0052-32L.S201508,MLr_vmm,VMM
2015-08-16,12:42:33,7.284,-73.941,0.0,1.8,NA,0.5,137.0,2.0,2.7,6.1,Tecto,Tecto,16-1242-32L.S201508,MLr_vmm,VMM
2015-08-16,13:33:18,7.288,-74.145,11.8,0.9,NA,0.2,239.0,2.4,4.4,7.2,Tecto,Tecto,16-1333-17L.S201508,MLr_vmm,VMM
2015-08-16,23:23:45,7.192,-74.159,3.8,1.0,NA,0.3,190.0,3.2,2.7,7.3,Tecto,Tecto,16-2323-45L.S201508,MLr_vmm,VMM
2015-08-21,06:46:00,7.347,-74.025,16.8,1.4,NA,0.4,137.0,2.2,2.3,4.7,Tecto,Tecto,21-0645-59L.S201508,MLr_vmm,VMM
2015-08-25,01:39:49,7.109,-74.097,4.4,0.5,NA,0.3,248.0,3.2,3.8,8.1,Tecto,Tecto,25-0139-49L.S201508,MLr_vmm,VMM
2015-08-25,19:05:27,7.357,-73.914,23.2,0.7,NA,0.2,192.0,3.9,5.1,7.7,Tecto,Tecto,25-1905-27L.S201508,MLr_vmm,VMM
2015-08-26,20:35:51,7.114,-74.101,3.5,0.7,NA,0.1,271.0,2.4,2.3,4.9,Tecto,Tecto,26-2035-50L.S201508,MLr_vmm,VMM
2015-08-27,18:00:54,7.382,-74.129,5.1,0.6,NA,0.3,253.0,7.2,5.6,6.8,Tecto,Tecto,27-1800-54L.S201508,MLr_vmm,VMM
2015-08-28,16:52:21,7.107,-74.01,10.0,1.7,NA,0.3,92.0,1.8,1.5,4.8,Tecto,Tecto,28-1652-20L.S201508,MLr_vmm,VMM
2015-09-11,09:22:05,7.337,-74.031,8.0,0.3,NA,0.1,260.0,3.8,2.8,3.0,Tecto,Tecto,11-0922-05L.S201509,MLr_vmm,VMM
2015-09-21,07:24:43,7.1,-74.089,0.8,0.6,NA,0.2,248.0,3.5,4.1,6.2,Tecto,Tecto,21-0724-43L.S201509,MLr_vmm,VMM
2015-09-29,00:49:23,7.289,-74.092,19.4,0.8,NA,0.2,233.0,2.9,3.9,7.8,Tecto,Tecto,29-0049-22L.S201509,MLr_vmm,VMM
2015-10-08,16:49:12,7.414,-73.976,0.0,1.0,NA,0.2,136.0,1.7,2.6,5.1,Tecto,Tecto,08-1649-10L.S201510,MLr_vmm,VMM
2015-10-08,18:26:45,7.385,-73.981,2.0,1.5,NA,0.6,141.0,3.0,3.0,8.8,Tecto,Tecto,08-1826-44L.S201510,MLr_vmm,VMM
2015-10-13,06:27:11,7.277,-73.974,16.7,0.6,NA,0.2,233.0,2.7,6.5,4.0,Tecto,Tecto,13-0627-11L.S201510,MLr_vmm,VMM
2015-10-15,13:46:28,7.51,-73.993,2.0,1.0,NA,0.4,109.0,2.2,2.9,8.1,Tecto,Tecto,15-1346-27L.S201510,MLr_vmm,VMM
2015-10-17,01:33:04,7.342,-73.807,16.5,1.1,NA,0.3,120.0,2.3,3.5,3.8,Tecto,Tecto,17-0133-03L.S201510,MLr_vmm,VMM
2015-10-19,03:37:45,7.356,-73.783,14.0,0.8,NA,0.3,105.0,1.6,2.7,5.3,Tecto,Tecto,19-0337-44L.S201510,MLr_vmm,VMM
2015-10-19,07:12:53,7.327,-74.024,7.2,0.4,NA,0.2,156.0,1.5,1.9,4.4,Tecto,Tecto,19-0712-52L.S201510,MLr_vmm,VMM
2015-11-05,11:57:33,7.467,-74.09,9.8,1.4,NA,0.4,138.0,2.5,2.0,4.6,Tecto,Tecto,05-1157-33L.S201511,MLr_vmm,VMM
2015-11-08,11:11:32,7.472,-74.087,18.4,1.9,NA,0.4,119.0,1.9,2.3,3.2,Tecto,Tecto,08-1111-31L.S201511,MLr_vmm,VMM
2015-11-13,10:19:39,7.249,-73.993,16.3,1.9,NA,0.7,135.0,3.1,3.5,6.6,Tecto,Tecto,13-1019-38L.S201511,MLr_vmm,VMM
2015-11-17,04:32:01,7.233,-73.98,18.9,0.8,NA,0.5,135.0,2.9,3.0,4.3,Tecto,Tecto,17-0432-00L.S201511,MLr_vmm,VMM
2015-12-04,15:23:46,7.118,-73.855,0.0,0.7,NA,0.4,128.0,1.8,2.7,7.5,Tecto,Tecto,04-1523-45L.S201512,MLr_vmm,VMM
2016-01-19,20:46:03,7.187,-73.635,16.6,2.1,NA,0.4,52.0,1.3,1.5,2.7,Tecto,Tecto,19-2046-02L.S201601,MLr_vmm,VMM
2016-01-30,02:30:02,7.429,-73.774,18.9,0.7,NA,0.2,248.0,5.4,6.0,8.0,Tecto,Tecto,30-0230-02L.S201601,MLr_vmm,VMM
2016-02-08,16:06:28,7.092,-74.002,18.0,1.6,NA,0.5,81.0,2.8,2.6,6.0,Tecto,Tecto,08-1606-27L.S201602,MLr_vmm,VMM
2016-02-09,06:40:14,7.174,-74.084,4.6,1.7,NA,0.4,82.0,1.6,1.8,5.5,Tecto,Tecto,09-0640-13L.S201602,MLr_vmm,VMM
2016-03-17,12:04:00,7.248,-74.14,6.5,2.4,NA,0.4,80.0,1.5,1.7,4.6,Tecto,Tecto,17-1203-60L.S201603,MLr_vmm,VMM
2016-04-02,07:22:23,7.466,-74.103,12.6,2.1,NA,0.6,97.0,2.8,2.8,6.6,Tecto,Tecto,02-0722-22L.S201604,MLr_vmm,VMM
2016-05-05,00:24:16,7.391,-73.704,0.1,1.1,NA,0.6,82.0,2.2,2.2,7.4,Tecto,Tecto,05-0024-16L.S201605,MLr_vmm,VMM
2016-05-05,08:30:53,7.297,-74.022,16.6,0.3,NA,0.2,146.0,3.2,3.6,9.4,Tecto,Tecto,05-0830-52L.S201605,MLr_vmm,VMM
2016-05-11,09:00:48,7.432,-73.898,17.0,0.8,NA,0.4,79.0,2.3,2.3,7.0,Tecto,Tecto,11-0900-48L.S201605,MLr_vmm,VMM
2016-05-31,17:23:55,7.345,-74.059,0.0,1.0,NA,0.4,176.0,2.4,2.8,7.9,Tecto,Tecto,31-1723-54L.S201605,MLr_vmm,VMM
2016-08-05,09:33:52,7.46,-73.76,18.2,1.5,NA,0.4,70.0,1.8,1.8,3.5,Tecto,Tecto,05-0933-51L.S201608,MLr_vmm,VMM
2016-08-23,13:29:04,7.484,-73.882,19.1,2.0,NA,0.6,63.0,2.4,2.5,3.6,Tecto,Tecto,23-1329-03L.S201608,MLr_vmm,VMM
2016-09-07,07:55:12,7.212,-74.141,0.0,1.2,NA,0.4,86.0,1.8,1.9,5.4,Tecto,Tecto,07-0755-12L.S201609,MLr_vmm,VMM
2016-09-11,11:04:16,7.211,-74.117,0.0,0.7,NA,0.5,84.0,2.2,2.4,8.4,Tecto,Tecto,11-1104-16L.S201609,MLr_vmm,VMM
2016-09-14,03:57:00,7.203,-74.132,0.0,1.8,NA,0.4,86.0,1.9,1.7,5.5,Tecto,Tecto,14-0356-60L.S201609,MLr_vmm,VMM
2016-09-18,09:30:05,7.203,-74.116,0.0,0.7,NA,0.3,104.0,1.6,1.5,5.5,Tecto,Tecto,18-0930-05L.S201609,MLr_vmm,VMM
2016-09-19,20:41:34,7.207,-74.134,0.0,1.6,NA,0.5,86.0,2.0,2.0,6.5,Tecto,Tecto,19-2041-34L.S201609,MLr_vmm,VMM
2016-09-22,03:32:17,7.213,-74.111,0.9,0.5,NA,0.2,102.0,1.2,1.2,4.7,Tecto,Tecto,22-0332-16L.S201609,MLr_vmm,VMM
2016-09-23,21:06:16,7.176,-74.009,10.0,0.8,NA,0.3,140.0,2.1,2.8,6.4,Tecto,Tecto,23-2106-15L.S201609,MLr_vmm,VMM
2016-09-26,23:30:55,7.135,-74.019,15.8,0.8,NA,0.3,77.0,1.5,2.0,6.9,Tecto,Tecto,26-2330-54L.S201609,MLr_vmm,VMM
2016-10-03,13:47:16,7.339,-74.138,14.4,0.9,NA,0.7,178.0,6.0,4.1,9.9,Tecto,Tecto,03-1347-15L.S201610,MLr_vmm,VMM
2016-10-15,09:20:35,7.461,-73.857,16.0,0.5,NA,0.2,106.0,1.3,1.4,2.7,Tecto,Tecto,15-0920-34L.S201610,MLr_vmm,VMM
2016-10-28,06:17:03,7.206,-74.138,0.0,1.4,NA,0.4,164.0,1.7,2.2,5.2,Tecto,Tecto,28-0617-03L.S201610,MLr_vmm,VMM
2016-10-28,06:18:04,7.211,-74.129,0.0,1.8,NA,0.5,163.0,1.9,2.5,4.9,Tecto,Tecto,28-0618-04L.S201610,MLr_vmm,VMM
2016-10-31,03:06:43,7.209,-74.126,0.0,0.5,NA,0.4,165.0,1.9,2.7,7.6,Tecto,Tecto,31-0306-43L.S201610,MLr_vmm,VMM
2016-11-07,06:54:17,7.197,-74.134,0.0,1.0,NA,0.5,86.0,2.5,2.1,7.3,Tecto,Tecto,07-0654-16L.S201611,MLr_vmm,VMM
2016-11-12,07:27:02,7.189,-74.133,0.0,1.6,NA,0.4,90.0,2.0,1.8,5.9,Tecto,Tecto,12-0727-02L.S201611,MLr_vmm,VMM
2016-11-28,07:23:06,7.395,-73.704,0.0,0.4,NA,0.4,110.0,2.2,2.7,7.6,Tecto,Tecto,28-0723-06L.S201611,MLr_vmm,VMM
2016-11-29,00:12:39,7.209,-74.136,0.0,1.3,NA,0.4,86.0,2.0,1.9,6.5,Tecto,Tecto,29-0012-38L.S201611,MLr_vmm,VMM
2016-11-29,03:37:37,7.208,-74.124,0.1,0.9,NA,0.4,85.0,1.5,1.6,5.5,Tecto,Tecto,29-0337-37L.S201611,MLr_vmm,VMM
2016-12-15,03:14:15,7.361,-74.112,18.0,0.4,NA,0.5,171.0,2.9,5.5,6.9,Tecto,Tecto,15-0314-15L.S201612,MLr_vmm,VMM
2016-12-20,22:26:47,7.327,-73.738,20.6,2.3,NA,0.6,56.0,2.2,2.6,6.0,Tecto,Tecto,20-2226-46L.S201612,MLr_vmm,VMM
2016-12-22,08:30:49,7.206,-74.143,3.8,0.8,NA,0.4,87.0,1.9,2.1,5.9,Tecto,Tecto,22-0830-48L.S201612,MLr_vmm,VMM
2016-12-25,16:15:28,7.241,-74.049,14.7,1.3,NA,0.5,77.0,2.1,2.1,5.3,Tecto,Tecto,25-1615-27L.S201612,MLr_vmm,VMM
2016-12-26,05:59:00,7.315,-73.999,18.2,0.5,NA,0.5,86.0,2.8,2.9,5.6,Tecto,Tecto,26-0558-59L.S201612,MLr_vmm,VMM
2017-01-07,09:39:46,7.177,-74.119,9.7,0.9,NA,0.3,108.0,2.8,2.6,6.8,Tecto,Tecto,07-0939-45L.S201701,MLr_vmm,VMM
2017-01-08,21:12:26,7.202,-74.104,2.0,0.7,NA,0.2,104.0,1.2,1.0,2.1,Tecto,Tecto,08-2112-26L.S201701,MLr_vmm,VMM
2017-01-10,01:47:16,7.21,-74.123,0.0,0.5,NA,0.2,102.0,1.3,1.3,5.1,Tecto,Tecto,10-0147-16L.S201701,MLr_vmm,VMM
2017-01-10,10:55:21,7.205,-74.13,0.0,1.7,NA,0.4,80.0,1.7,1.7,5.4,Tecto,Tecto,10-1055-20L.S201701,MLr_vmm,VMM
2017-01-12,10:42:10,7.208,-74.127,0.0,2.5,NA,0.4,79.0,1.4,1.5,4.5,Tecto,Tecto,12-1042-10L.S201701,MLr_vmm,VMM
2017-01-13,07:34:54,7.211,-74.125,0.0,0.7,NA,0.4,85.0,1.9,1.7,6.1,Tecto,Tecto,13-0734-54L.S201701,MLr_vmm,VMM
2017-01-17,02:09:21,7.141,-73.913,8.9,0.9,NA,0.3,69.0,1.6,1.6,3.8,Tecto,Tecto,17-0209-20L.S201701,MLr_vmm,VMM
2017-01-17,02:11:06,7.138,-73.912,9.0,1.2,NA,0.4,69.0,1.6,1.6,3.7,Tecto,Tecto,17-0211-06L.S201701,MLr_vmm,VMM
2017-01-31,08:58:51,7.206,-74.114,0.3,0.6,NA,0.3,103.0,1.6,1.9,6.3,Tecto,Tecto,31-0858-50L.S201701,MLr_vmm,VMM
2017-01-31,11:31:01,7.21,-74.119,0.8,1.1,NA,0.3,84.0,1.6,1.6,5.8,Tecto,Tecto,31-1131-01L.S201701,MLr_vmm,VMM
2017-02-03,23:38:36,7.205,-74.107,0.0,0.6,NA,0.2,187.0,2.3,1.5,6.1,Tecto,Tecto,03-2338-35L.S201702,MLr_vmm,VMM
2017-02-04,06:02:00,7.31,-73.599,22.1,0.6,NA,0.7,108.0,3.3,5.1,8.9,Tecto,Tecto,04-0601-59L.S201702,MLr_vmm,VMM
2017-02-07,08:05:49,7.234,-73.983,0.0,0.0,NA,0.2,99.0,1.1,1.2,4.4,Tecto,Tecto,07-0805-48L.S201702,MLr_vmm,VMM
2017-02-10,21:56:23,7.074,-73.716,12.2,0.8,NA,0.7,151.0,4.5,3.6,6.5,Tecto,Tecto,10-2156-22L.S201702,MLr_vmm,VMM
2017-02-13,15:54:56,7.143,-73.913,2.1,1.1,NA,0.4,95.0,2.3,2.0,6.3,Tecto,Tecto,13-1554-55L.S201702,MLr_vmm,VMM
2017-02-17,07:59:06,7.199,-74.134,0.0,1.5,NA,0.5,86.0,2.1,2.1,6.1,Tecto,Tecto,17-0759-06L.S201702,MLr_vmm,VMM
2017-03-02,13:34:26,7.215,-74.116,0.0,0.9,NA,0.2,111.0,1.1,1.2,4.3,Tecto,Tecto,02-1334-26L.S201703,MLr_vmm,VMM
2017-03-02,18:57:58,7.211,-74.117,0.1,0.9,NA,0.3,185.0,1.7,2.5,5.4,Tecto,Tecto,02-1857-57L.S201703,MLr_vmm,VMM
2017-03-05,00:14:25,7.16,-74.124,0.6,0.8,NA,0.2,111.0,1.2,0.9,3.9,Tecto,Tecto,05-0014-25L.S201703,MLr_vmm,VMM
2017-03-05,08:03:58,7.22,-74.118,1.4,0.4,NA,0.2,185.0,2.3,1.6,5.8,Tecto,Tecto,05-0803-58L.S201703,MLr_vmm,VMM
2017-03-15,04:46:09,7.206,-74.108,0.1,0.5,NA,0.3,161.0,1.5,2.2,6.0,Tecto,Tecto,15-0446-08L.S201703,MLr_vmm,VMM
2017-04-02,22:55:12,7.141,-73.64,20.6,1.1,NA,0.4,231.0,4.1,9.0,6.4,Tecto,Tecto,02-2255-11L.S201704,MLr_vmm,VMM
2017-04-21,12:56:18,7.216,-73.671,14.2,1.1,NA,0.3,54.0,1.4,1.5,3.0,Tecto,Tecto,21-1256-17L.S201704,MLr_vmm,VMM
2017-05-04,12:19:00,7.379,-74.054,8.4,1.5,NA,0.6,84.0,2.2,2.6,5.0,Tecto,Tecto,04-1218-59L.S201705,MLr_vmm,VMM
2017-05-04,17:51:31,7.386,-74.053,17.8,1.4,NA,0.3,84.0,1.3,1.6,2.7,Tecto,Tecto,04-1751-30L.S201705,MLr_vmm,VMM
2017-05-21,06:35:17,7.205,-73.818,17.7,0.4,NA,0.3,187.0,2.9,2.0,4.4,Tecto,Tecto,21-0635-16L.S201705,MLr_vmm,VMM
2017-05-30,03:06:42,7.459,-73.79,13.9,0.8,NA,0.4,56.0,1.6,1.8,3.5,Tecto,Tecto,30-0306-41L.S201705,MLr_vmm,VMM
2017-06-01,16:16:54,7.11,-74.019,0.0,0.7,NA,0.3,155.0,1.9,2.1,5.9,Tecto,Tecto,01-1616-54L.S201706,MLr_vmm,VMM
2017-06-08,03:27:19,7.025,-73.913,2.0,1.1,NA,0.4,84.0,1.8,1.8,5.9,Tecto,Tecto,08-0327-19L.S201706,MLr_vmm,VMM
2017-06-08,08:48:55,7.191,-73.978,20.6,0.4,NA,0.2,109.0,1.5,1.6,6.8,Tecto,Tecto,08-0848-55L.S201706,MLr_vmm,VMM
2017-06-10,21:19:23,7.203,-74.099,2.9,0.9,NA,0.2,83.0,1.3,1.2,6.1,Tecto,Tecto,10-2119-22L.S201706,MLr_vmm,VMM
2017-06-18,10:37:48,7.331,-74.048,13.3,1.3,NA,0.3,79.0,1.5,1.6,4.6,Tecto,Tecto,18-1037-47L.S201706,MLr_vmm,VMM
2017-06-18,19:48:38,7.211,-74.109,0.6,0.7,NA,0.2,103.0,1.2,1.3,4.6,Tecto,Tecto,18-1948-38L.S201706,MLr_vmm,VMM
2017-06-20,06:41:22,7.121,-74.092,2.3,0.9,NA,0.3,84.0,1.7,1.5,5.9,Tecto,Tecto,20-0641-22L.S201706,MLr_vmm,VMM
2017-06-20,21:48:13,7.188,-73.81,16.4,0.9,NA,0.3,61.0,1.4,1.9,2.8,Tecto,Tecto,20-2148-12L.S201706,MLr_vmm,VMM
2017-07-18,06:06:57,7.082,-73.7,15.2,1.8,NA,0.2,160.0,2.7,2.5,2.4,Tecto,Tecto,18-0606-56L.S201707,MLr_vmm,VMM
2017-08-08,18:55:26,7.189,-74.04,10.0,0.9,NA,0.4,78.0,1.6,1.7,4.1,Tecto,Tecto,08-1850-00L.S201708,MLr_vmm,VMM
2017-09-14,16:55:43,7.244,-73.965,17.5,2.0,NA,0.7,60.0,2.2,3.2,4.6,Tecto,Tecto,14-1652-00L.S201709,MLr_vmm,VMM
2017-09-27,08:07:01,7.028,-73.97,20.0,0.5,NA,0.4,271.0,5.7,5.5,9.3,Tecto,Tecto,27-0800-00L.S201709,MLr_vmm,VMM
2017-10-02,04:22:18,7.248,-74.133,0.0,0.5,NA,0.3,220.0,4.0,1.8,6.8,Tecto,Tecto,02-0419-58L.S201710,MLr_vmm,VMM
2017-10-18,08:28:07,7.265,-73.996,6.5,0.5,NA,0.3,83.0,1.2,1.7,4.0,Tecto,Tecto,18-0822-39L.S201710,MLr_vmm,VMM
2017-10-27,08:50:23,7.042,-74.03,2.1,0.4,NA,0.3,80.0,1.3,1.4,5.3,Tecto,Tecto,27-0848-51L.S201710,MLr_vmm,VMM
2017-10-27,09:39:07,7.342,-74.131,0.5,0.7,NA,0.2,137.0,1.2,1.2,4.2,Tecto,Tecto,27-0937-10L.S201710,MLr_vmm,VMM
2017-10-27,09:40:40,7.353,-74.132,1.9,0.8,NA,0.3,136.0,1.6,1.7,5.1,Tecto,Tecto,27-0937-11L.S201710,MLr_vmm,VMM
2017-10-30,05:52:14,7.152,-73.928,14.5,0.4,NA,0.3,119.0,1.8,1.7,6.4,Tecto,Tecto,30-0545-59L.S201710,MLr_vmm,VMM
2017-11-01,02:28:27,7.21,-73.72,12.8,1.3,NA,0.7,62.0,2.8,3.0,6.4,Tecto,Tecto,01-0224-00L.S201711,MLr_vmm,VMM
2017-11-08,03:29:44,7.034,-73.91,0.0,0.3,NA,0.3,146.0,1.8,1.6,5.9,Tecto,Tecto,08-0327-00L.S201711,MLr_vmm,VMM
2017-11-12,11:10:57,7.294,-73.891,16.7,0.9,NA,0.6,76.0,2.8,3.8,5.1,Tecto,Tecto,12-1107-00L.S201711,MLr_vmm,VMM
2018-01-04,05:22:28,7.37,-74.089,0,0.9,CANTAGALLO - BOLÍVAR,0.3,97.0,0.8,0.8,3.0,SCP,gvalencia@proc4,SGC2018afxd,MLr_vmm,VMM
2018-01-09,08:32:23,7.154,-73.996,16.9,1.0,YONDÓ (CASABE) - ANTIOQUIA,0.2,137.0,0.5,0.5,1.3,SCP,rvmm,SGC2018apgy,MLr_vmm,VMM
2018-01-15,03:12:25,7.31,-74.102,13.1,1.0,CANTAGALLO - BOLÍVAR,0.4,87.0,0.7,0.7,2.9,SCP,sebastiang@proc4,SGC2018azvk,MLr_vmm,VMM
2018-01-23,07:39:34,7.095,-73.812,15.2,1.1,BARRANCABERMEJA - SANTANDER,0.4,107.0,0.8,0.8,2.9,SCP,rvmm,SGC2018bouf,MLr_vmm,VMM
2018-02-09,12:51:24,7.171,-74.011,6.1,1.0,YONDÓ (CASABE) - ANTIOQUIA,0.2,141.0,0.8,0.8,2.9,SCP,rvmm,SGC2018cugmf,MLr_vmm,VMM
2018-03-02,20:06:25,7.04,-73.889,9.1,1.0,YONDÓ (CASABE) - ANTIOQUIA,0.2,116.0,0.4,0.4,0.9,SCP,rvmm,SGC2018ehdz,MLr_vmm,VMM
2018-03-06,17:19:10,7.417,-73.755,16.9,1.8,SABANA DE TORRES - SANTANDER,0.5,66.0,0.7,0.7,1.0,SCP,rvmm,SGC2018eogm,MLr_vmm,VMM
2018-03-27,04:12:28,7.152,-73.948,5.9,1.4,YONDÓ (CASABE) - ANTIOQUIA,0.5,170.0,1.8,1.8,9.4,SCP,gvalencia@proc4,SGC2018fzqd,MLr_vmm,VMM
2018-04-15,05:10:07,7.153,-73.947,4.4,0.6,YONDÓ (CASABE) - ANTIOQUIA,0.1,129.0,0.4,0.4,1.0,SCP,rvmm,SGC2018hiko,MLr_vmm,VMM
2018-04-27,02:22:43,7.342,-73.803,16.7,0.8,PUERTO WILCHES - SANTANDER,0.3,118.0,1.3,1.3,2.7,SCP,rvmm,SGC2018ieegk,MLr_vmm,VMM
2018-06-01,11:37:37,7.101,-74.116,5.2,1.2,YONDÓ (CASABE) - ANTIOQUIA,0.5,154.0,0.9,0.9,2.3,SCP,rvmm,SGC2018kqtz,MLr_vmm,VMM
2018-06-19,23:13:28,7.14,-73.971,4.3,0.5,YONDÓ (CASABE) - ANTIOQUIA,0.3,132.0,1.1,1.1,3.3,SCP,rvmm,SGC2018lypsr,MLr_vmm,VMM
2018-06-20,23:13:15,7.07,-73.977,0.0,2.2,YONDÓ (CASABE) - ANTIOQUIA,0.6,131.0,0.9,0.9,2.3,SCP,rvmm,SGC2018majm,MLr_vmm,VMM
2018-06-29,18:44:18,7.199,-74.073,10.3,0.8,CANTAGALLO - BOLÍVAR,0.5,115.0,1.4,1.4,10.3,SCP,rvmm,SGC2018mqnzf,MLr_vmm,VMM
2018-07-02,18:15:02,7.455,-74.086,16.6,0.7,SAN PABLO - BOLÍVAR,0.5,120.0,1.1,1.1,2.7,SCP,rvmm,SGC2018mvzod,MLr_vmm,VMM
2018-07-03,03:47:14,7.144,-74.029,14.9,0.7,YONDÓ (CASABE) - ANTIOQUIA,0.2,143.0,0.8,0.8,6.0,SCP,rvmm,SGC2018mwqo,MLr_vmm,VMM
2018-07-05,18:55:04,7.2,-74.079,21.4,1.2,CANTAGALLO - BOLÍVAR,0.5,81.0,1.1,1.1,7.1,SCP,rvmm,SGC2018nbln,MLr_vmm,VMM
2018-07-06,03:06:41,7.177,-74.093,19.4,0.8,CANTAGALLO - BOLÍVAR,0.4,120.0,1.5,1.5,3.4,SCP,rvmm,SGC2018ncbu,MLr_vmm,VMM
2018-08-05,08:03:53,7.146,-73.879,11.0,1.2,BARRANCABERMEJA - SANTANDER,0.3,117.0,0.8,0.8,2.3,SCP,rvmm,SGC2018pfgq,MLr_vmm,VMM
2018-09-27,06:43:17,7.165,-74.102,15.6,0.6,CANTAGALLO - BOLÍVAR,0.1,201.0,0.7,0.7,2.1,SCP,rvmm,SGC2018sycjr,MLr_vmm,VMM
2018-09-29,10:33:33,7.256,-73.617,10.2,1.2,PUERTO WILCHES - SANTANDER,0.4,95.0,0.7,0.7,4.8,SCP,rvmm,SGC2018tbyf,MLr_vmm,VMM
2018-09-30,02:46:55,7.133,-73.865,14.1,0.9,BARRANCABERMEJA - SANTANDER,0.1,115.0,0.4,0.4,1.4,SCP,rvmm,SGC2018tdei,MLr_vmm,VMM
2018-10-07,23:21:05,7.298,-73.608,0.0,1.0,SABANA DE TORRES - SANTANDER,0.4,149.0,2.1,2.1,5.7,SCP,gvalencia@proc4,SGC2018trno,MLr_vmm,VMM
2018-10-12,05:20:55,7.192,-73.634,15.2,0.8,BARRANCABERMEJA - SANTANDER,0.4,233.0,2.5,2.5,3.1,SCP,sebastiang@proc4,SGC2018tzhm,MLr_vmm,VMM
2018-12-23,20:26:20,7.346,-74.118,4.9,1.3,CANTAGALLO - BOLÍVAR,0.2,137.0,0.4,0.4,1.2,SCP,squintero@proc1,SGC2018zcdes,MLr_vmm,VMM
2019-01-06,03:18:15,7.344,-74.13,9.1,0.9,SAN PABLO - BOLÍVAR,0.6,95.0,1.0,1.0,2.7,SCP,Laura@proc1,SGC2019ajkcu,MLr_vmm,VMM
2019-01-06,04:09:14,7.495,-73.942,15.1,0.7,SAN PABLO - BOLÍVAR,0.2,202.0,2.3,2.3,3.4,SCP,rvmm,SGC2019ajmxeu,MLr_vmm,VMM
2019-01-17,07:58:01,7.099,-74.121,2.1,0.8,YONDÓ (CASABE) - ANTIOQUIA,0.2,198.0,1.1,1.1,4.3,SCP,Laura@proc1,SGC2019bdzmad,MLr_vmm,VMM
2019-01-25,04:24:10,7.321,-74.028,10.5,0.9,CANTAGALLO - BOLÍVAR,0.5,75.0,0.8,0.8,4.0,SCP,Laura@proc1,SGC2019bsketx,MLr_vmm,VMM
2019-03-22,04:08:05,7.207,-73.809,10.2,1.0,BARRANCABERMEJA - SANTANDER,0.3,179.0,1.4,1.4,4.2,SCP,Laura@proc1,SGC2019freifa,MLr_vmm,VMM
2019-03-23,04:01:45,7.102,-73.95,17.6,1.3,YONDÓ (CASABE) - ANTIOQUIA,0.5,128.0,1.0,1.0,2.0,SCP,rvmm,SGC2019fsiog,MLr_vmm,VMM
2019-04-12,11:17:25,7.177,-74.098,7.0,0.8,CANTAGALLO - BOLÍVAR,0.3,83.0,0.6,0.6,2.3,SCP,squintero@proc1,SGC2019hdlfb,MLr_vmm,VMM
2019-04-18,00:51:26,7.107,-73.945,11.4,0.8,YONDÓ (CASABE) - ANTIOQUIA,0.2,141.0,0.6,0.6,2.3,SCP,rvmm,SGC2019hnppz,MLr_vmm,VMM
2019-04-19,23:49:54,7.109,-73.948,12.3,1.2,YONDÓ (CASABE) - ANTIOQUIA,0.3,142.0,0.6,0.6,2.3,SCP,rvmm,SGC2019hrepx,MLr_vmm,VMM
2019-05-15,11:05:15,7.094,-74.117,7.8,1.0,YONDÓ (CASABE) - ANTIOQUIA,0.4,162.0,1.0,1.0,2.9,SCP,rvmm,SGC2019jlssw,MLr_vmm,VMM
2019-05-23,02:34:22,7.278,-74.041,16.2,1.0,CANTAGALLO - BOLÍVAR,0.3,86.0,0.5,0.5,1.5,SCP,Laura@proc1,SGC2019jzrzj,MLr_vmm,VMM
2019-06-06,19:56:14,7.451,-73.871,15.8,1.3,PUERTO WILCHES - SANTANDER,0.3,162.0,1.0,1.0,1.8,SCP,rvmm,SGC2019lapny,MLr_vmm,VMM
2019-07-03,01:05:36,7.166,-74.156,0.5,1.1,CANTAGALLO - BOLÍVAR,0.8,88.0,1.3,1.3,4.3,SCP,Laura@proc1,SGC2019myabpk,MLr_vmm,VMM
2019-08-02,19:45:25,7.387,-73.816,16.0,1.2,PUERTO WILCHES - SANTANDER,0.1,139.0,0.4,0.4,0.5,SCP,rvmm,SGC2019patli,MLr_vmm,VMM
2019-08-31,10:12:59,7.327,-74.079,0.0,2.8,CANTAGALLO - BOLÍVAR,1.1,40.0,1.0,1.0,2.4,SCP,jsoriano@proc2,SGC22019rbalg,MLr_vmm,VMM
2019-09-04,07:04:46,7.206,-74.008,16.1,1.5,YONDÓ (CASABE) - ANTIOQUIA,0.4,231.0,1.9,1.9,2.0,SCP,rvmm,SGC2019rkcsnt,MLr_vmm,VMM
2019-09-13,04:18:54,7.214,-74.058,7.8,1.2,CANTAGALLO - BOLÍVAR,0.4,169.0,0.8,0.8,2.0,SCP,Laura@proc1,SGC2019saktnt,MLr_vmm,VMM
2019-10-01,06:44:17,7.073,-73.915,5.6,0.9,YONDÓ (CASABE) - ANTIOQUIA,0.5,136.0,1.1,1.1,2.6,SCP,rvmm,SGC2019thqqqt,MLr_vmm,VMM
2019-10-13,22:48:09,7.497,-73.962,17.4,1.8,SAN PABLO - BOLÍVAR,0.5,153.0,1.1,1.1,1.9,SCP,rvmm,SGC2019uexhum,MLr_vmm,VMM
2019-10-14,16:14:40,7.044,-73.837,6.2,1.5,BARRANCABERMEJA - SANTANDER,0.4,126.0,0.6,0.6,1.5,SCP,rvmm,SGC2019ugfzqe,MLr_vmm,VMM
2019-10-20,14:17:30,7.096,-73.918,15.8,1.8,YONDÓ (CASABE) - ANTIOQUIA,0.4,74.0,0.7,0.7,1.8,SCP,jbermudez@proc4,SGC2019urclxc,MLr_vmm,VMM
2019-10-23,01:07:42,7.165,-73.832,0.0,0.8,BARRANCABERMEJA - SANTANDER,0.6,132.0,2.8,2.8,6.5,SCP,jbermudez@proc4,SGC2019uvplzi,MLr_vmm,VMM
2019-11-01,07:54:00,7.173,-74.084,17.7,1.4,CANTAGALLO - BOLÍVAR,0.6,81.0,1.1,1.1,2.8,SCP,Laura@proc4,SGC2019vmqmab,MLr_vmm,VMM
2019-11-12,11:20:46,7.349,-74.165,11.3,1.2,SAN PABLO - BOLÍVAR,0.4,237.0,2.2,2.2,4.9,SCP,Laura@proc4,SGC2019whchwq,MLr_vmm,VMM
2019-12-02,05:13:34,7.057,-73.831,20.8,0.7,BARRANCABERMEJA - SANTANDER,0.8,126.0,3.3,3.3,6.1,SCP,rbolanos@proc4,SGC2019xriray,MLr_vmm,VMM
2019-12-06,08:32:17,7.155,-74.149,6.2,1.7,CANTAGALLO - BOLÍVAR,0.8,104.0,1.2,1.2,3.5,SCP,rbolanos@proc4,SGC2019xyyczw,MLr_vmm,VMM
2020-01-23,03:36:04,7.299,-74.044,8.3,1.5,CANTAGALLO - BOLÍVAR,0.4,80.0,0.6,0.6,1.9,SCP,Laura@proc4,SGC2020bordoh,MLr_vmm,VMM
2020-01-24,00:01:49,7.175,-73.902,8.4,1.0,BARRANCABERMEJA - SANTANDER,0.6,140.0,1.2,1.2,2.6,SCP,Laura@proc4,SGC2020bqftvc,MLr_vmm,VMM
2020-03-23,20:20:10,7.197,-73.926,16.4,2.4,BARRANCABERMEJA - SANTANDER,0.7,74.0,0.8,0.8,1.6,SCP,Laura@proc4,SGC2020fwbzpu,MLr_vmm,VMM
2020-03-24,00:35:12,7.24,-73.898,16.1,1.1,PUERTO WILCHES - SANTANDER,0.7,232.0,3.2,3.2,3.1,SCP,Laura@proc4,SGC2020fwklkg,MLr_vmm,VMM
2020-03-26,00:38:07,7.221,-73.938,14.7,1.5,YONDÓ (CASABE) - ANTIOQUIA,0.6,75.0,1.1,1.1,2.1,SCP,Laura@proc4,SGC2020gabzrd,MLr_vmm,VMM
2020-03-29,18:34:53,7.214,-73.931,14.2,1.4,YONDÓ (CASABE) - ANTIOQUIA,0.8,126.0,1.3,1.3,2.1,SCP,Laura@proc4,SGC2020ggywec,MLr_vmm,VMM
2020-04-04,18:59:46,7.138,-74.066,0.0,0.8,YONDÓ (CASABE) - ANTIOQUIA,0.2,191.0,0.6,0.6,1.2,SCP,jbermudez@proc4,SGC2020gsaawo,MLr_vmm,VMM
2020-05-04,06:47:15,7.243,-73.861,12.6,1.1,PUERTO WILCHES - SANTANDER,0.5,214.0,2.3,2.3,3.0,SCP,Laura@proc4,SGC2020iudocb,MLr_vmm,VMM
2020-05-19,21:23:24,7.16,-74.131,2.4,1.0,CANTAGALLO - BOLÍVAR,0.6,189.0,1.8,1.8,4.5,SCP,Laura@proc4,SGC2020jwumgw,MLr_vmm,VMM
2020-05-24,08:36:51,7.157,-74.001,5.3,1.1,YONDÓ (CASABE) - ANTIOQUIA,1.0,101.0,2.3,2.3,7.3,SCP,Laura@proc4,SGC2020kezsdb,MLr_vmm,VMM
2020-06-18,04:46:42,7.238,-73.948,23.3,1.2,YONDÓ (CASABE) - ANTIOQUIA,0.3,176.0,0.8,0.8,7.4,SCP,Laura@proc4,SGC2020lypful,MLr_vmm,VMM
2020-07-07,22:50:58,7.193,-73.978,19.8,1.2,YONDÓ (CASABE) - ANTIOQUIA,0.9,155.0,2.2,2.2,4.7,SCP,Laura@proc4,SGC2020nivywa,MLr_vmm,VMM
2020-07-31,07:47:52,7.409,-73.762,7.0,1.2,PUERTO WILCHES - SANTANDER,0.1,169.0,0.4,0.4,0.8,SCP,Laura@proc4,SGC2020oztlwy,MLr_vmm,VMM
2020-08-06,01:11:38,7.446,-74.067,9.7,2.2,SAN PABLO - BOLÍVAR,1.0,54.0,1.3,1.3,2.9,SCP,jbermudez@proc4,SGC2020pkgron,MLr_vmm,VMM
2020-08-22,04:08:21,7.107,-73.677,0.0,0.9,BARRANCABERMEJA - SANTANDER,0.6,162.0,1.6,1.6,5.7,SCP,jbermudez@proc4,SGC2020qnwdyy,MLr_vmm,VMM
2020-09-05,13:45:11,7.12,-74.062,7.2,1.1,YONDÓ (CASABE) - ANTIOQUIA,0.3,156.0,0.7,0.7,2.3,SCP,Laura@proc4,SGC2020rohliy,MLr_vmm,VMM
2020-11-03,08:01:58,7.339,-74.071,9.9,1.0,CANTAGALLO - BOLÍVAR,0.5,88.0,1.4,1.4,3.9,SCP,Laura@proc4,SGC2020vsdxoo,MLr_vmm,VMM
2020-12-21,22:24:23,7.182,-73.965,8.1,3.2,YONDÓ (CASABE) - ANTIOQUIA,0.9,46.0,0.8,0.8,2.3,SCP,jbermudez@proc4,SGC2020zdjixo,MLr_vmm,VMM
2020-12-23,10:34:01,7.19,-73.977,9.9,1.4,YONDÓ (CASABE) - ANTIOQUIA,0.3,73.0,0.4,0.4,2.7,SCP,jbermudez@proc4,SGC2020zgdgny,MLr_vmm,VMM
2020-12-29,04:43:42,7.198,-73.969,8.6,1.2,YONDÓ (CASABE) - ANTIOQUIA,0.6,72.0,0.8,0.8,2.7,SCP,jbermudez@proc4,SGC2020zqrzyo,MLr_vmm,VMM
2021-01-03,12:43:35,7.418,-73.75,16.1,1.1,SABANA DE TORRES - SANTANDER,0.3,68.0,0.6,0.6,1.2,SCP,Laura@proc4,SGC2021aeqtlx,MLr_vmm,VMM
2021-01-12,21:59:39,7.441,-73.894,8.3,1.1,PUERTO WILCHES - SANTANDER,0.4,80.0,0.7,0.7,2.5,SCP,Laura@proc4,SGC2021avwqyz,MLr_vmm,VMM
2021-01-16,13:10:15,7.352,-73.811,14.8,1.5,PUERTO WILCHES - SANTANDER,0.5,71.0,0.9,0.9,2.8,SCP,Laura@proc4,SGC2021bcocdv,MLr_vmm,VMM
2021-01-17,11:38:56,7.284,-73.965,15.6,1.1,CANTAGALLO - BOLÍVAR,0.2,136.0,1.0,1.0,2.7,SCP,Laura@proc4,SGC2021begujy,MLr_vmm,VMM
2021-02-24,06:33:31,7.067,-74.07,0.0,1.2,YONDÓ (CASABE) - ANTIOQUIA,0.3,230.0,1.3,1.3,2.3,SCP,jbermudez@proc4,SGC2021dvqgqj,MLr_vmm,VMM
2021-02-27,02:54:08,7.513,-73.832,12.2,1.1,PUERTO WILCHES - SANTANDER,0.3,133.0,0.7,0.7,1.8,SCP,jbermudez@proc4,SGC2021eaweft,MLr_vmm,VMM
2021-03-25,18:55:35,7.231,-73.966,0.0,1.2,YONDÓ (CASABE) - ANTIOQUIA,0.6,152.0,2.3,2.3,4.9,SCP,Laura@proc4,SGC2021fxuxpz,MLr_vmm,VMM
2021-04-07,13:59:47,7.375,-73.822,16.9,1.4,PUERTO WILCHES - SANTANDER,0.2,77.0,0.5,0.5,0.9,SCP,jbermudez@proc4,SGC2021gvhoed,MLr_vmm,VMM
2021-05-03,19:54:17,7.104,-74.104,4.5,1.2,YONDÓ (CASABE) - ANTIOQUIA,0.4,160.0,0.8,0.8,2.3,SCP,Laura@proc4,SGC2021irmenz,MLr_vmm,VMM
2021-05-15,09:35:50,7.16,-74.018,15.6,1.0,YONDÓ (CASABE) - ANTIOQUIA,0.5,150.0,0.9,0.9,2.4,SCP,Laura@proc4,SGC2021jmskbi,MLr_vmm,VMM
2021-05-18,03:43:14,7.335,-74.161,4.8,1.0,SAN PABLO - BOLÍVAR,0.5,97.0,1.1,1.1,4.2,SCP,Laura@proc4,SGC2021jrtwyo,MLr_vmm,VMM
2021-05-22,07:18:34,7.238,-73.756,10.8,1.0,PUERTO WILCHES - SANTANDER,0.1,174.0,0.6,0.6,2.8,SCP,Laura@proc4,SGC2021jzjyao,MLr_vmm,VMM
2021-06-03,06:41:55,7.165,-74.094,2.0,1.2,CANTAGALLO - BOLÍVAR,0.2,102.0,0.5,0.5,1.6,SCP,gvalencia@proc1,SGC2021kvjlag,MLr_vmm,VMM
2021-07-09,17:54:04,7.237,-73.765,21.2,1.1,BARRANCABERMEJA - SANTANDER,0.3,151.0,1.8,1.8,6.5,SCP,Laura@proc4,SGC2021nkhvxg,MLr_vmm,VMM
2021-07-18,14:06:52,7.367,-74.141,1.5,2.3,SAN PABLO - BOLÍVAR,0.8,52.0,0.8,0.8,2.5,SCP,Laura@proc4,SGC2021oanwba,MLr_vmm,VMM
2021-07-22,10:20:09,7.347,-74.153,5.2,0.9,SAN PABLO - BOLÍVAR,0.4,98.0,0.6,0.6,2.6,SCP,Laura@proc4,SGC2021ohpgev,MLr_vmm,VMM
2021-07-29,18:32:03,7.198,-74.039,15.1,1.1,CANTAGALLO - BOLÍVAR,0.5,156.0,1.1,1.1,2.6,SCP,Laura@proc4,SGC2021ovbqfs,MLr_vmm,VMM
2021-08-09,01:45:54,7.276,-73.982,6.1,2.0,CANTAGALLO - BOLÍVAR,0.6,49.0,0.7,0.7,1.9,SCP,Laura@proc4,SGC2021pnzgwo,MLr_vmm,VMM
2021-08-19,08:41:15,7.243,-73.949,8.4,1.1,YONDÓ (CASABE) - ANTIOQUIA,0.3,107.0,0.8,0.8,5.6,SCP,eguzman@proc3,SGC2021qgwhpm,MLr_vmm,VMM
2021-08-23,19:04:43,7.27,-73.986,2.4,2.2,CANTAGALLO - BOLÍVAR,0.5,80.0,0.8,0.8,3.1,SCP,mariana@proc2,SGC2021qozwjp,MLr_vmm,VMM
2021-09-06,21:48:30,7.34,-74.159,4.0,1.7,SAN PABLO - BOLÍVAR,0.4,71.0,1.1,1.1,4.2,SCP,eguzman@proc2,SGC2021roxlvm,MLr_vmm,VMM
2021-09-12,10:38:27,7.232,-73.806,9.2,1.6,BARRANCABERMEJA - SANTANDER,0.5,158.0,1.3,1.3,5.0,SCP,mariana@proc2,SGC2021rzbpsl,MLr_vmm,VMM
2021-10-09,07:28:01,7.164,-73.845,11.6,0.7,BARRANCABERMEJA - SANTANDER,0.4,152.0,2.1,2.1,8.3,SCP,sebastiang@proc3,SGC2021twjxjs,MLr_vmm,VMM
2021-10-09,15:50:23,7.365,-74.135,11.6,1.1,SAN PABLO - BOLÍVAR,0.7,166.0,2.3,2.3,8.0,SCP,adrobayo@proc3,SGC2021txaohf,MLr_vmm,VMM
2021-11-12,19:29:06,7.213,-73.814,9.4,1.7,PUERTO WILCHES - SANTANDER,0.4,110.0,1.3,1.3,5.7,SCP,sebastiang@proc2,SGC2021whsmri,MLr_vmm,VMM
2021-12-06,12:45:14,7.244,-73.823,10.4,1.9,PUERTO WILCHES - SANTANDER,0.6,223.0,2.5,2.5,4.0,SCP,gvalencia@proc3,SGC2021xzgnuh,MLr_vmm,VMM
2021-12-07,23:50:41,7.432,-73.795,0.0,1.6,PUERTO WILCHES - SANTANDER,0.4,147.0,1.2,1.2,3.1,SCP,jsoriano@proc3,SGC2021ybyico,MLr_vmm,VMM
2021-12-17,02:55:51,7.323,-74.144,2.0,1.9,CANTAGALLO - BOLÍVAR,0.6,70.0,0.8,0.8,2.1,SCP,jsoriano@proc2,SGC2021ysrzoo,MLr_vmm,VMM
2021-12-21,14:19:26,7.32,-74.157,1.7,1.9,SAN PABLO - BOLÍVAR,0.5,94.0,0.8,0.8,2.3,SCP,bdrsn,SGC2021zaxoef,MLr_vmm,VMM
2021-12-23,08:42:44,7.341,-74.161,0.2,1.2,SAN PABLO - BOLÍVAR,0.6,168.0,1.4,1.4,3.6,SCP,druizba@proc2,SGC2021zedvtx,MLr_vmm,VMM
2021-12-24,05:19:47,7.323,-74.161,4.2,1.3,SAN PABLO - BOLÍVAR,0.2,166.0,0.5,0.5,1.7,SCP,druizba@proc2,SGC2021zfsvtz,MLr_vmm,VMM
